condition,seed,success,first_passage_step,peak_goal_activation,final_goal_rank,useful_dwell_steps,initial_dwell_steps,irrelevant_dwell_steps,switch_count,switch_times,segments
fixed_initial,0,0,,0.0000000000,9,0,120,0,0,[],"[[""initial"",120]]"
fixed_useful,0,1,8,1.1381000784,2,120,0,0,0,[],"[[""useful"",120]]"
mixed,0,1,12,0.3789168643,6,0,0,0,0,[],"[[""mixed"",120]]"
periodic,0,1,33,0.3421144606,8,30,45,45,7,"[15,30,45,60,75,90,105]","[[""initial"",15],[""irrelevant"",15],[""useful"",15],[""initial"",15],[""irrelevant"",15],[""useful"",15],[""initial"",15],[""irrelevant"",15]]"
random_block,0,1,19,0.4813529278,7,30,45,45,7,"[15,30,45,60,75,90,105]","[[""initial"",15],[""useful"",15],[""irrelevant"",15],[""initial"",15],[""irrelevant"",15],[""useful"",15],[""irrelevant"",15],[""initial"",15]]"
adaptive_mismatch,0,1,33,1.0536621677,2,90,15,15,2,"[15,30]","[[""initial"",15],[""irrelevant"",15],[""useful"",90]]"
random_replay,0,1,19,0.1748116801,9,15,105,0,2,"[15,30]","[[""initial"",15],[""useful"",15],[""initial"",90]]"
fixed_initial,1,0,,0.0000000000,9,0,120,0,0,[],"[[""initial"",120]]"
fixed_useful,1,1,7,1.2933152423,2,120,0,0,0,[],"[[""useful"",120]]"
mixed,1,1,12,0.4189679770,5,0,0,0,0,[],"[[""mixed"",120]]"
periodic,1,1,18,0.5415661744,3,45,45,30,7,"[15,30,45,60,75,90,105]","[[""initial"",15],[""useful"",15],[""irrelevant"",15],[""initial"",15],[""useful"",15],[""irrelevant"",15],[""initial"",15],[""useful"",15]]"
random_block,1,1,31,0.3412955746,8,15,60,45,7,"[15,30,45,60,75,90,105]","[[""initial"",15],[""irrelevant"",15],[""initial"",15],[""useful"",15],[""irrelevant"",15],[""initial"",15],[""irrelevant"",15],[""initial"",15]]"
adaptive_mismatch,1,1,18,1.2606221765,2,105,15,0,1,[15],"[[""initial"",15],[""useful"",105]]"
random_replay,1,0,,0.0000000000,9,0,15,105,1,[15],"[[""initial"",15],[""irrelevant"",105]]"
fixed_initial,2,0,,0.0000000000,9,0,120,0,0,[],"[[""initial"",120]]"
fixed_useful,2,1,8,1.1444518035,2,120,0,0,0,[],"[[""useful"",120]]"
mixed,2,1,9,0.5202927820,3,0,0,0,0,[],"[[""mixed"",120]]"
periodic,2,1,16,0.6960142968,2,45,45,30,7,"[15,30,45,60,75,90,105]","[[""initial"",15],[""useful"",15],[""irrelevant"",15],[""initial"",15],[""useful"",15],[""irrelevant"",15],[""initial"",15],[""useful"",15]]"
random_block,2,1,16,0.7251886489,2,60,60,0,7,"[15,30,45,60,75,90,105]","[[""initial"",15],[""useful"",15],[""initial"",15],[""useful"",15],[""initial"",15],[""useful"",15],[""initial"",15],[""useful"",15]]"
adaptive_mismatch,2,1,16,1.1321419694,2,105,15,0,1,[15],"[[""initial"",15],[""useful"",105]]"
random_replay,2,1,16,1.1321419694,2,105,15,0,1,[15],"[[""initial"",15],[""useful"",105]]"
fixed_initial,3,0,,0.0000000000,9,0,120,0,0,[],"[[""initial"",120]]"
fixed_useful,3,1,7,1.1840661798,2,120,0,0,0,[],"[[""useful"",120]]"
mixed,3,1,16,0.3518517505,6,0,0,0,0,[],"[[""mixed"",120]]"
periodic,3,1,18,0.5238585624,3,45,45,30,7,"[15,30,45,60,75,90,105]","[[""initial"",15],[""useful"",15],[""irrelevant"",15],[""initial"",15],[""useful"",15],[""irrelevant"",15],[""initial"",15],[""useful"",15]]"
random_block,3,1,37,0.4643712308,8,15,60,45,7,"[15,30,45,60,75,90,105]","[[""initial"",15],[""irrelevant"",15],[""initial"",15],[""irrelevant"",15],[""initial"",15],[""useful"",15],[""initial"",15],[""irrelevant"",15]]"
adaptive_mismatch,3,1,18,1.1707787604,2,105,15,0,1,[15],"[[""initial"",15],[""useful"",105]]"
random_replay,3,0,,0.0000000000,9,0,15,105,1,[15],"[[""initial"",15],[""irrelevant"",105]]"
fixed_initial,4,0,,0.0000000000,9,0,120,0,0,[],"[[""initial"",120]]"
fixed_useful,4,1,8,1.1261252430,2,120,0,0,0,[],"[[""useful"",120]]"
mixed,4,1,11,0.4724800137,4,0,0,0,0,[],"[[""mixed"",120]]"
periodic,4,1,31,0.5686659345,4,30,45,45,7,"[15,30,45,60,75,90,105]","[[""initial"",15],[""irrelevant"",15],[""useful"",15],[""initial"",15],[""irrelevant"",15],[""useful"",15],[""initial"",15],[""irrelevant"",15]]"
random_block,4,1,46,0.5038979041,3,30,45,45,7,"[15,30,45,60,75,90,105]","[[""initial"",15],[""irrelevant"",15],[""initial"",15],[""irrelevant"",15],[""useful"",15],[""irrelevant"",15],[""initial"",15],[""useful"",15]]"
adaptive_mismatch,4,1,31,1.0798882666,2,90,15,15,2,"[15,30]","[[""initial"",15],[""irrelevant"",15],[""useful"",90]]"
random_replay,4,1,47,0.0227481489,9,0,105,15,2,"[15,30]","[[""initial"",15],[""irrelevant"",15],[""initial"",90]]"
fixed_initial,5,0,,0.0000000000,9,0,120,0,0,[],"[[""initial"",120]]"
fixed_useful,5,1,8,1.1522672895,2,120,0,0,0,[],"[[""useful"",120]]"
mixed,5,1,12,0.3880702691,5,0,0,0,0,[],"[[""mixed"",120]]"
periodic,5,1,18,0.5212134826,3,45,45,30,7,"[15,30,45,60,75,90,105]","[[""initial"",15],[""useful"",15],[""irrelevant"",15],[""initial"",15],[""useful"",15],[""irrelevant"",15],[""initial"",15],[""useful"",15]]"
random_block,5,1,31,0.5239705105,3,30,45,45,7,"[15,30,45,60,75,90,105]","[[""initial"",15],[""irrelevant"",15],[""initial"",15],[""irrelevant"",15],[""initial"",15],[""useful"",15],[""irrelevant"",15],[""useful"",15]]"
adaptive_mismatch,5,1,18,1.1278347737,2,105,15,0,1,[15],"[[""initial"",15],[""useful"",105]]"
random_replay,5,1,18,1.1278347737,2,105,15,0,1,[15],"[[""initial"",15],[""useful"",105]]"
fixed_initial,6,0,,0.0000000000,9,0,120,0,0,[],"[[""initial"",120]]"
fixed_useful,6,1,8,1.1650726410,2,120,0,0,0,[],"[[""useful"",120]]"
mixed,6,1,13,0.3558651043,5,0,0,0,0,[],"[[""mixed"",120]]"
periodic,6,1,31,0.5787190220,7,30,45,45,7,"[15,30,45,60,75,90,105]","[[""initial"",15],[""irrelevant"",15],[""useful"",15],[""initial"",15],[""irrelevant"",15],[""useful"",15],[""initial"",15],[""irrelevant"",15]]"
random_block,6,1,46,0.4568329591,6,30,60,30,7,"[15,30,45,60,75,90,105]","[[""initial"",15],[""irrelevant"",15],[""initial"",15],[""useful"",15],[""irrelevant"",15],[""initial"",15],[""useful"",15],[""initial"",15]]"
adaptive_mismatch,6,1,31,1.1367330998,2,90,15,15,2,"[15,30]","[[""initial"",15],[""irrelevant"",15],[""useful"",90]]"
random_replay,6,0,,0.0000000000,9,0,105,15,2,"[15,30]","[[""initial"",15],[""irrelevant"",15],[""initial"",90]]"
fixed_initial,7,0,,0.0000000000,9,0,120,0,0,[],"[[""initial"",120]]"
fixed_useful,7,1,8,1.1333093406,2,120,0,0,0,[],"[[""useful"",120]]"
mixed,7,1,17,0.3306462303,7,0,0,0,0,[],"[[""mixed"",120]]"
periodic,7,1,32,0.4080854233,8,30,45,45,7,"[15,30,45,60,75,90,105]","[[""initial"",15],[""irrelevant"",15],[""useful"",15],[""initial"",15],[""irrelevant"",15],[""useful"",15],[""initial"",15],[""irrelevant"",15]]"
random_block,7,1,19,0.1671036248,8,15,60,45,7,"[15,30,45,60,75,90,105]","[[""initial"",15],[""useful"",15],[""initial"",15],[""irrelevant"",15],[""initial"",15],[""irrelevant"",15],[""initial"",15],[""irrelevant"",15]]"
adaptive_mismatch,7,1,32,1.0580265158,2,90,15,15,2,"[15,30]","[[""initial"",15],[""irrelevant"",15],[""useful"",90]]"
random_replay,7,1,32,1.0580265158,2,90,15,15,2,"[15,30]","[[""initial"",15],[""irrelevant"",15],[""useful"",90]]"
fixed_initial,8,0,,0.0000000000,9,0,120,0,0,[],"[[""initial"",120]]"
fixed_useful,8,1,7,1.2516650144,2,120,0,0,0,[],"[[""useful"",120]]"
mixed,8,1,13,0.4011113098,4,0,0,0,0,[],"[[""mixed"",120]]"
periodic,8,1,31,0.5284529687,4,30,45,45,7,"[15,30,45,60,75,90,105]","[[""initial"",15],[""irrelevant"",15],[""useful"",15],[""initial"",15],[""irrelevant"",15],[""useful"",15],[""initial"",15],[""irrelevant"",15]]"
random_block,8,1,19,0.5386027536,6,45,30,45,7,"[15,30,45,60,75,90,105]","[[""initial"",15],[""useful"",15],[""irrelevant"",15],[""useful"",15],[""irrelevant"",15],[""useful"",15],[""irrelevant"",15],[""initial"",15]]"
adaptive_mismatch,8,1,31,1.1880467318,2,90,15,15,2,"[15,30]","[[""initial"",15],[""irrelevant"",15],[""useful"",90]]"
random_replay,8,1,19,0.2378203809,9,15,105,0,2,"[15,30]","[[""initial"",15],[""useful"",15],[""initial"",90]]"
fixed_initial,9,0,,0.0000000000,9,0,120,0,0,[],"[[""initial"",120]]"
fixed_useful,9,1,8,1.0951837366,2,120,0,0,0,[],"[[""useful"",120]]"
mixed,9,1,10,0.4852939404,4,0,0,0,0,[],"[[""mixed"",120]]"
periodic,9,1,16,0.4672133529,5,30,45,45,7,"[15,30,45,60,75,90,105]","[[""initial"",15],[""irrelevant"",15],[""useful"",15],[""initial"",15],[""irrelevant"",15],[""useful"",15],[""initial"",15],[""irrelevant"",15]]"
random_block,9,1,16,0.5288245497,5,45,30,45,7,"[15,30,45,60,75,90,105]","[[""initial"",15],[""useful"",15],[""irrelevant"",15],[""initial"",15],[""useful"",15],[""irrelevant"",15],[""useful"",15],[""irrelevant"",15]]"
adaptive_mismatch,9,1,16,0.7479440117,2,45,15,60,2,"[15,75]","[[""initial"",15],[""irrelevant"",60],[""useful"",45]]"
random_replay,9,1,16,0.5194799574,5,0,60,60,2,"[15,75]","[[""initial"",15],[""irrelevant"",60],[""initial"",45]]"
fixed_initial,10,0,,0.0000000000,9,0,120,0,0,[],"[[""initial"",120]]"
fixed_useful,10,1,8,1.1301143055,2,120,0,0,0,[],"[[""useful"",120]]"
mixed,10,1,13,0.3901811627,6,0,0,0,0,[],"[[""mixed"",120]]"
periodic,10,1,19,0.4603066900,4,45,45,30,7,"[15,30,45,60,75,90,105]","[[""initial"",15],[""useful"",15],[""irrelevant"",15],[""initial"",15],[""useful"",15],[""irrelevant"",15],[""initial"",15],[""useful"",15]]"
random_block,10,1,19,0.5215578144,6,45,45,30,7,"[15,30,45,60,75,90,105]","[[""initial"",15],[""useful"",15],[""irrelevant"",15],[""initial"",15],[""useful"",15],[""irrelevant"",15],[""useful"",15],[""initial"",15]]"
adaptive_mismatch,10,1,19,1.1085861659,2,105,15,0,1,[15],"[[""initial"",15],[""useful"",105]]"
random_replay,10,1,19,1.1085861659,2,105,15,0,1,[15],"[[""initial"",15],[""useful"",105]]"
fixed_initial,11,0,,0.0000000000,9,0,120,0,0,[],"[[""initial"",120]]"
fixed_useful,11,1,8,1.1803998487,2,120,0,0,0,[],"[[""useful"",120]]"
mixed,11,1,11,0.4190858730,5,0,0,0,0,[],"[[""mixed"",120]]"
periodic,11,1,19,0.5009342727,4,45,45,30,7,"[15,30,45,60,75,90,105]","[[""initial"",15],[""useful"",15],[""irrelevant"",15],[""initial"",15],[""useful"",15],[""irrelevant"",15],[""initial"",15],[""useful"",15]]"
random_block,11,1,19,0.4359889953,4,45,45,30,7,"[15,30,45,60,75,90,105]","[[""initial"",15],[""useful"",15],[""initial"",15],[""useful"",15],[""irrelevant"",15],[""initial"",15],[""irrelevant"",15],[""useful"",15]]"
adaptive_mismatch,11,1,19,1.1519726038,2,105,15,0,1,[15],"[[""initial"",15],[""useful"",105]]"
random_replay,11,0,,0.0000000000,9,0,15,105,1,[15],"[[""initial"",15],[""irrelevant"",105]]"
fixed_initial,12,0,,0.0000000000,9,0,120,0,0,[],"[[""initial"",120]]"
fixed_useful,12,1,8,1.2059872814,2,120,0,0,0,[],"[[""useful"",120]]"
mixed,12,1,10,0.5194582627,4,0,0,0,0,[],"[[""mixed"",120]]"
periodic,12,1,32,0.4963019663,4,30,45,45,7,"[15,30,45,60,75,90,105]","[[""initial"",15],[""irrelevant"",15],[""useful"",15],[""initial"",15],[""irrelevant"",15],[""useful"",15],[""initial"",15],[""irrelevant"",15]]"
random_block,12,1,34,0.5454226041,4,30,60,30,7,"[15,30,45,60,75,90,105]","[[""initial"",15],[""irrelevant"",15],[""initial"",15],[""irrelevant"",15],[""useful"",15],[""initial"",15],[""useful"",15],[""initial"",15]]"
adaptive_mismatch,12,1,32,1.1219818816,2,90,15,15,2,"[15,30]","[[""initial"",15],[""irrelevant"",15],[""useful"",90]]"
random_replay,12,1,19,0.3689447128,9,15,15,90,2,"[15,30]","[[""initial"",15],[""useful"",15],[""irrelevant"",90]]"
fixed_initial,13,0,,0.0000000000,9,0,120,0,0,[],"[[""initial"",120]]"
fixed_useful,13,1,7,1.2112140624,2,120,0,0,0,[],"[[""useful"",120]]"
mixed,13,1,13,0.4154763566,5,0,0,0,0,[],"[[""mixed"",120]]"
periodic,13,1,31,0.4755577855,7,30,45,45,7,"[15,30,45,60,75,90,105]","[[""initial"",15],[""irrelevant"",15],[""useful"",15],[""initial"",15],[""irrelevant"",15],[""useful"",15],[""initial"",15],[""irrelevant"",15]]"
random_block,13,1,31,0.6004541077,6,30,60,30,7,"[15,30,45,60,75,90,105]","[[""initial"",15],[""irrelevant"",15],[""useful"",15],[""initial"",15],[""irrelevant"",15],[""initial"",15],[""useful"",15],[""initial"",15]]"
adaptive_mismatch,13,1,31,1.1385402911,2,90,15,15,2,"[15,30]","[[""initial"",15],[""irrelevant"",15],[""useful"",90]]"
random_replay,13,1,16,0.2671188024,9,15,15,90,2,"[15,30]","[[""initial"",15],[""useful"",15],[""irrelevant"",90]]"
fixed_initial,14,0,,0.0000000000,9,0,120,0,0,[],"[[""initial"",120]]"
fixed_useful,14,1,7,1.2357349461,2,120,0,0,0,[],"[[""useful"",120]]"
mixed,14,1,12,0.4504399455,5,0,0,0,0,[],"[[""mixed"",120]]"
periodic,14,1,24,0.5997235168,6,30,45,45,7,"[15,30,45,60,75,90,105]","[[""initial"",15],[""irrelevant"",15],[""useful"",15],[""initial"",15],[""irrelevant"",15],[""useful"",15],[""initial"",15],[""irrelevant"",15]]"
random_block,14,1,19,0.6623538771,2,45,45,30,7,"[15,30,45,60,75,90,105]","[[""initial"",15],[""useful"",15],[""irrelevant"",15],[""initial"",15],[""useful"",15],[""initial"",15],[""irrelevant"",15],[""useful"",15]]"
adaptive_mismatch,14,1,24,1.0032293878,2,45,15,60,2,"[15,75]","[[""initial"",15],[""irrelevant"",60],[""useful"",45]]"
random_replay,14,1,19,0.8644989165,6,60,60,0,2,"[15,75]","[[""initial"",15],[""useful"",60],[""initial"",45]]"
fixed_initial,15,0,,0.0000000000,9,0,120,0,0,[],"[[""initial"",120]]"
fixed_useful,15,1,8,0.9872573330,2,120,0,0,0,[],"[[""useful"",120]]"
mixed,15,1,12,0.3782616955,3,0,0,0,0,[],"[[""mixed"",120]]"
periodic,15,1,16,0.7423168877,2,45,45,30,7,"[15,30,45,60,75,90,105]","[[""initial"",15],[""useful"",15],[""irrelevant"",15],[""initial"",15],[""useful"",15],[""irrelevant"",15],[""initial"",15],[""useful"",15]]"
random_block,15,1,16,0.7892089525,2,60,15,45,7,"[15,30,45,60,75,90,105]","[[""initial"",15],[""useful"",15],[""irrelevant"",15],[""useful"",15],[""irrelevant"",15],[""useful"",15],[""irrelevant"",15],[""useful"",15]]"
adaptive_mismatch,15,1,16,0.9864289029,2,105,15,0,1,[15],"[[""initial"",15],[""useful"",105]]"
random_replay,15,0,,0.0000000000,9,0,15,105,1,[15],"[[""initial"",15],[""irrelevant"",105]]"
fixed_initial,16,0,,0.0000000000,9,0,120,0,0,[],"[[""initial"",120]]"
fixed_useful,16,1,8,1.1607008189,2,120,0,0,0,[],"[[""useful"",120]]"
mixed,16,1,13,0.3479091895,5,0,0,0,0,[],"[[""mixed"",120]]"
periodic,16,1,18,0.5110628426,3,45,45,30,7,"[15,30,45,60,75,90,105]","[[""initial"",15],[""useful"",15],[""irrelevant"",15],[""initial"",15],[""useful"",15],[""irrelevant"",15],[""initial"",15],[""useful"",15]]"
random_block,16,1,18,0.4812043915,6,45,60,15,7,"[15,30,45,60,75,90,105]","[[""initial"",15],[""useful"",15],[""initial"",15],[""useful"",15],[""irrelevant"",15],[""initial"",15],[""useful"",15],[""initial"",15]]"
adaptive_mismatch,16,1,18,1.1395095184,2,105,15,0,1,[15],"[[""initial"",15],[""useful"",105]]"
random_replay,16,1,18,1.1395095184,2,105,15,0,1,[15],"[[""initial"",15],[""useful"",105]]"
fixed_initial,17,0,,0.0000000000,9,0,120,0,0,[],"[[""initial"",120]]"
fixed_useful,17,1,7,1.2198414256,2,120,0,0,0,[],"[[""useful"",120]]"
mixed,17,1,11,0.4615267285,4,0,0,0,0,[],"[[""mixed"",120]]"
periodic,17,1,33,0.4707943660,6,30,45,45,7,"[15,30,45,60,75,90,105]","[[""initial"",15],[""irrelevant"",15],[""useful"",15],[""initial"",15],[""irrelevant"",15],[""useful"",15],[""initial"",15],[""irrelevant"",15]]"
random_block,17,1,33,0.4700499769,5,30,60,30,7,"[15,30,45,60,75,90,105]","[[""initial"",15],[""irrelevant"",15],[""useful"",15],[""initial"",15],[""useful"",15],[""initial"",15],[""irrelevant"",15],[""initial"",15]]"
adaptive_mismatch,17,1,33,1.1398987819,2,90,15,15,2,"[15,30]","[[""initial"",15],[""irrelevant"",15],[""useful"",90]]"
random_replay,17,1,19,0.2241662210,6,15,105,0,2,"[15,30]","[[""initial"",15],[""useful"",15],[""initial"",90]]"
fixed_initial,18,0,,0.0000000000,9,0,120,0,0,[],"[[""initial"",120]]"
fixed_useful,18,1,7,1.2373687402,2,120,0,0,0,[],"[[""useful"",120]]"
mixed,18,1,10,0.5050430471,4,0,0,0,0,[],"[[""mixed"",120]]"
periodic,18,1,16,0.7105342378,2,30,45,45,7,"[15,30,45,60,75,90,105]","[[""initial"",15],[""irrelevant"",15],[""useful"",15],[""initial"",15],[""irrelevant"",15],[""useful"",15],[""initial"",15],[""irrelevant"",15]]"
random_block,18,1,16,0.5936667651,3,45,30,45,7,"[15,30,45,60,75,90,105]","[[""initial"",15],[""irrelevant"",15],[""useful"",15],[""irrelevant"",15],[""useful"",15],[""irrelevant"",15],[""initial"",15],[""useful"",15]]"
adaptive_mismatch,18,1,16,0.9616718431,2,30,15,75,2,"[15,90]","[[""initial"",15],[""irrelevant"",75],[""useful"",30]]"
random_replay,18,1,18,1.0073089467,4,75,45,0,2,"[15,90]","[[""initial"",15],[""useful"",75],[""initial"",30]]"
fixed_initial,19,0,,0.0000000000,9,0,120,0,0,[],"[[""initial"",120]]"
fixed_useful,19,1,8,1.1625360543,2,120,0,0,0,[],"[[""useful"",120]]"
mixed,19,1,10,0.4957257446,4,0,0,0,0,[],"[[""mixed"",120]]"
periodic,19,1,17,0.6327815225,3,30,45,45,7,"[15,30,45,60,75,90,105]","[[""initial"",15],[""irrelevant"",15],[""useful"",15],[""initial"",15],[""irrelevant"",15],[""useful"",15],[""initial"",15],[""irrelevant"",15]]"
random_block,19,1,17,0.5772131586,5,30,45,45,7,"[15,30,45,60,75,90,105]","[[""initial"",15],[""irrelevant"",15],[""initial"",15],[""irrelevant"",15],[""useful"",15],[""initial"",15],[""useful"",15],[""irrelevant"",15]]"
adaptive_mismatch,19,1,17,1.0118017128,2,60,15,45,2,"[15,60]","[[""initial"",15],[""irrelevant"",45],[""useful"",60]]"
random_replay,19,1,17,1.0118017128,2,60,15,45,2,"[15,60]","[[""initial"",15],[""irrelevant"",45],[""useful"",60]]"
fixed_initial,20,0,,0.0000000000,9,0,120,0,0,[],"[[""initial"",120]]"
fixed_useful,20,1,8,1.1035488855,2,120,0,0,0,[],"[[""useful"",120]]"
mixed,20,1,11,0.4219462443,4,0,0,0,0,[],"[[""mixed"",120]]"
periodic,20,1,32,0.4202037279,6,30,45,45,7,"[15,30,45,60,75,90,105]","[[""initial"",15],[""irrelevant"",15],[""useful"",15],[""initial"",15],[""irrelevant"",15],[""useful"",15],[""initial"",15],[""irrelevant"",15]]"
random_block,20,1,31,0.6914748654,2,45,60,15,7,"[15,30,45,60,75,90,105]","[[""initial"",15],[""irrelevant"",15],[""initial"",15],[""useful"",15],[""initial"",15],[""useful"",15],[""initial"",15],[""useful"",15]]"
adaptive_mismatch,20,1,47,0.9668400336,2,75,15,30,2,"[15,45]","[[""initial"",15],[""irrelevant"",30],[""useful"",75]]"
random_replay,20,1,16,0.4730826276,9,30,90,0,2,"[15,45]","[[""initial"",15],[""useful"",30],[""initial"",75]]"
fixed_initial,21,0,,0.0000704493,6,0,120,0,0,[],"[[""initial"",120]]"
fixed_useful,21,1,7,1.2453640661,2,120,0,0,0,[],"[[""useful"",120]]"
mixed,21,1,15,0.3734855257,6,0,0,0,0,[],"[[""mixed"",120]]"
periodic,21,1,32,0.4291315931,8,30,45,45,7,"[15,30,45,60,75,90,105]","[[""initial"",15],[""irrelevant"",15],[""useful"",15],[""initial"",15],[""irrelevant"",15],[""useful"",15],[""initial"",15],[""irrelevant"",15]]"
random_block,21,1,36,0.3321666867,8,15,60,45,7,"[15,30,45,60,75,90,105]","[[""initial"",15],[""irrelevant"",15],[""initial"",15],[""useful"",15],[""initial"",15],[""irrelevant"",15],[""initial"",15],[""irrelevant"",15]]"
adaptive_mismatch,21,1,32,1.1549690466,2,90,15,15,2,"[15,30]","[[""initial"",15],[""irrelevant"",15],[""useful"",90]]"
random_replay,21,1,36,0.0165882586,9,0,105,15,2,"[15,30]","[[""initial"",15],[""irrelevant"",15],[""initial"",90]]"
fixed_initial,22,0,,0.0000000000,9,0,120,0,0,[],"[[""initial"",120]]"
fixed_useful,22,1,8,0.9540222166,2,120,0,0,0,[],"[[""useful"",120]]"
mixed,22,1,15,0.3015718926,6,0,0,0,0,[],"[[""mixed"",120]]"
periodic,22,1,16,0.5337978813,2,45,45,30,7,"[15,30,45,60,75,90,105]","[[""initial"",15],[""useful"",15],[""irrelevant"",15],[""initial"",15],[""useful"",15],[""irrelevant"",15],[""initial"",15],[""useful"",15]]"
random_block,22,1,16,0.5035392869,4,30,60,30,7,"[15,30,45,60,75,90,105]","[[""initial"",15],[""useful"",15],[""irrelevant"",15],[""initial"",15],[""irrelevant"",15],[""initial"",15],[""useful"",15],[""initial"",15]]"
adaptive_mismatch,22,1,16,0.9515391582,2,105,15,0,1,[15],"[[""initial"",15],[""useful"",105]]"
random_replay,22,0,,0.0000000000,9,0,15,105,1,[15],"[[""initial"",15],[""irrelevant"",105]]"
fixed_initial,23,0,,0.0000000000,9,0,120,0,0,[],"[[""initial"",120]]"
fixed_useful,23,1,8,1.1875966532,2,120,0,0,0,[],"[[""useful"",120]]"
mixed,23,1,11,0.4398240817,4,0,0,0,0,[],"[[""mixed"",120]]"
periodic,23,1,16,0.6782570085,2,30,45,45,7,"[15,30,45,60,75,90,105]","[[""initial"",15],[""irrelevant"",15],[""useful"",15],[""initial"",15],[""irrelevant"",15],[""useful"",15],[""initial"",15],[""irrelevant"",15]]"
random_block,23,1,16,0.5351340009,4,30,60,30,7,"[15,30,45,60,75,90,105]","[[""initial"",15],[""irrelevant"",15],[""initial"",15],[""irrelevant"",15],[""useful"",15],[""initial"",15],[""useful"",15],[""initial"",15]]"
adaptive_mismatch,23,1,16,0.7619998928,2,30,15,75,2,"[15,90]","[[""initial"",15],[""irrelevant"",75],[""useful"",30]]"
random_replay,23,1,16,0.2801040950,6,0,45,75,2,"[15,90]","[[""initial"",15],[""irrelevant"",75],[""initial"",30]]"
fixed_initial,24,0,,0.0000000000,9,0,120,0,0,[],"[[""initial"",120]]"
fixed_useful,24,1,8,1.1357147371,2,120,0,0,0,[],"[[""useful"",120]]"
mixed,24,1,13,0.3622177799,6,0,0,0,0,[],"[[""mixed"",120]]"
periodic,24,1,33,0.3613653630,6,30,45,45,7,"[15,30,45,60,75,90,105]","[[""initial"",15],[""irrelevant"",15],[""useful"",15],[""initial"",15],[""irrelevant"",15],[""useful"",15],[""initial"",15],[""irrelevant"",15]]"
random_block,24,1,33,0.4212495080,6,30,45,45,7,"[15,30,45,60,75,90,105]","[[""initial"",15],[""irrelevant"",15],[""useful"",15],[""irrelevant"",15],[""initial"",15],[""useful"",15],[""initial"",15],[""irrelevant"",15]]"
adaptive_mismatch,24,1,33,1.0652130646,2,90,15,15,2,"[15,30]","[[""initial"",15],[""irrelevant"",15],[""useful"",90]]"
random_replay,24,1,19,0.3617573466,9,15,15,90,2,"[15,30]","[[""initial"",15],[""useful"",15],[""irrelevant"",90]]"
fixed_initial,25,0,,0.0000000000,9,0,120,0,0,[],"[[""initial"",120]]"
fixed_useful,25,1,7,1.2632808912,2,120,0,0,0,[],"[[""useful"",120]]"
mixed,25,1,11,0.4444036480,4,0,0,0,0,[],"[[""mixed"",120]]"
periodic,25,1,19,0.5493988667,2,45,45,30,7,"[15,30,45,60,75,90,105]","[[""initial"",15],[""useful"",15],[""irrelevant"",15],[""initial"",15],[""useful"",15],[""irrelevant"",15],[""initial"",15],[""useful"",15]]"
random_block,25,1,16,0.5736941028,2,45,30,45,7,"[15,30,45,60,75,90,105]","[[""initial"",15],[""irrelevant"",15],[""useful"",15],[""irrelevant"",15],[""initial"",15],[""useful"",15],[""irrelevant"",15],[""useful"",15]]"
adaptive_mismatch,25,1,19,1.2318271218,2,105,15,0,1,[15],"[[""initial"",15],[""useful"",105]]"
random_replay,25,1,16,0.1596630483,9,0,15,105,1,[15],"[[""initial"",15],[""irrelevant"",105]]"
fixed_initial,26,0,,0.0000000000,9,0,120,0,0,[],"[[""initial"",120]]"
fixed_useful,26,1,8,1.0241466634,2,120,0,0,0,[],"[[""useful"",120]]"
mixed,26,1,13,0.3884146011,5,0,0,0,0,[],"[[""mixed"",120]]"
periodic,26,1,19,0.4302825263,5,45,45,30,7,"[15,30,45,60,75,90,105]","[[""initial"",15],[""useful"",15],[""irrelevant"",15],[""initial"",15],[""useful"",15],[""irrelevant"",15],[""initial"",15],[""useful"",15]]"
random_block,26,1,19,0.4927506238,6,45,45,30,7,"[15,30,45,60,75,90,105]","[[""initial"",15],[""useful"",15],[""irrelevant"",15],[""useful"",15],[""initial"",15],[""useful"",15],[""irrelevant"",15],[""initial"",15]]"
adaptive_mismatch,26,1,19,1.0043038843,2,105,15,0,1,[15],"[[""initial"",15],[""useful"",105]]"
random_replay,26,1,19,1.0043038843,2,105,15,0,1,[15],"[[""initial"",15],[""useful"",105]]"
fixed_initial,27,0,,0.0000000000,9,0,120,0,0,[],"[[""initial"",120]]"
fixed_useful,27,1,8,1.1930281927,2,120,0,0,0,[],"[[""useful"",120]]"
mixed,27,1,13,0.3816593003,6,0,0,0,0,[],"[[""mixed"",120]]"
periodic,27,1,33,0.4054304000,7,30,45,45,7,"[15,30,45,60,75,90,105]","[[""initial"",15],[""irrelevant"",15],[""useful"",15],[""initial"",15],[""irrelevant"",15],[""useful"",15],[""initial"",15],[""irrelevant"",15]]"
random_block,27,1,33,0.4550883668,6,30,30,60,7,"[15,30,45,60,75,90,105]","[[""initial"",15],[""irrelevant"",15],[""useful"",15],[""irrelevant"",15],[""useful"",15],[""irrelevant"",15],[""initial"",15],[""irrelevant"",15]]"
adaptive_mismatch,27,1,33,1.1210217382,2,90,15,15,2,"[15,30]","[[""initial"",15],[""irrelevant"",15],[""useful"",90]]"
random_replay,27,1,33,1.1210217382,2,90,15,15,2,"[15,30]","[[""initial"",15],[""irrelevant"",15],[""useful"",90]]"
fixed_initial,28,0,,0.0000000000,9,0,120,0,0,[],"[[""initial"",120]]"
fixed_useful,28,1,8,1.1655820976,2,120,0,0,0,[],"[[""useful"",120]]"
mixed,28,1,16,0.3510325198,8,0,0,0,0,[],"[[""mixed"",120]]"
periodic,28,1,19,0.4988551601,3,45,45,30,7,"[15,30,45,60,75,90,105]","[[""initial"",15],[""useful"",15],[""irrelevant"",15],[""initial"",15],[""useful"",15],[""irrelevant"",15],[""initial"",15],[""useful"",15]]"
random_block,28,1,17,0.3247889225,7,15,60,45,7,"[15,30,45,60,75,90,105]","[[""initial"",15],[""irrelevant"",15],[""useful"",15],[""initial"",15],[""irrelevant"",15],[""initial"",15],[""irrelevant"",15],[""initial"",15]]"
adaptive_mismatch,28,1,19,1.1436811671,2,105,15,0,1,[15],"[[""initial"",15],[""useful"",105]]"
random_replay,28,1,17,0.0391280208,9,0,15,105,1,[15],"[[""initial"",15],[""irrelevant"",105]]"
fixed_initial,29,0,,0.0000000000,9,0,120,0,0,[],"[[""initial"",120]]"
fixed_useful,29,1,8,1.1295769019,2,120,0,0,0,[],"[[""useful"",120]]"
mixed,29,1,16,0.3543752138,6,0,0,0,0,[],"[[""mixed"",120]]"
periodic,29,1,23,0.4577767212,7,30,45,45,7,"[15,30,45,60,75,90,105]","[[""initial"",15],[""irrelevant"",15],[""useful"",15],[""initial"",15],[""irrelevant"",15],[""useful"",15],[""initial"",15],[""irrelevant"",15]]"
random_block,29,1,23,0.5072877581,3,30,45,45,7,"[15,30,45,60,75,90,105]","[[""initial"",15],[""irrelevant"",15],[""useful"",15],[""irrelevant"",15],[""initial"",15],[""irrelevant"",15],[""initial"",15],[""useful"",15]]"
adaptive_mismatch,29,1,23,0.8714174120,2,45,15,60,2,"[15,75]","[[""initial"",15],[""irrelevant"",60],[""useful"",45]]"
random_replay,29,1,23,0.8714174120,2,45,15,60,2,"[15,75]","[[""initial"",15],[""irrelevant"",60],[""useful"",45]]"
fixed_initial,30,0,,0.0000000000,9,0,120,0,0,[],"[[""initial"",120]]"
fixed_useful,30,1,8,1.0665238396,2,120,0,0,0,[],"[[""useful"",120]]"
mixed,30,1,11,0.4150991012,5,0,0,0,0,[],"[[""mixed"",120]]"
periodic,30,1,33,0.4566730531,7,30,45,45,7,"[15,30,45,60,75,90,105]","[[""initial"",15],[""irrelevant"",15],[""useful"",15],[""initial"",15],[""irrelevant"",15],[""useful"",15],[""initial"",15],[""irrelevant"",15]]"
random_block,30,1,19,0.4435002711,4,45,60,15,7,"[15,30,45,60,75,90,105]","[[""initial"",15],[""useful"",15],[""initial"",15],[""useful"",15],[""initial"",15],[""useful"",15],[""irrelevant"",15],[""initial"",15]]"
adaptive_mismatch,30,1,33,1.0120414305,2,90,15,15,2,"[15,30]","[[""initial"",15],[""irrelevant"",15],[""useful"",90]]"
random_replay,30,1,33,1.0120414305,2,90,15,15,2,"[15,30]","[[""initial"",15],[""irrelevant"",15],[""useful"",90]]"
fixed_initial,31,0,,0.0000000000,9,0,120,0,0,[],"[[""initial"",120]]"
fixed_useful,31,1,8,1.1438214493,2,120,0,0,0,[],"[[""useful"",120]]"
mixed,31,1,16,0.3522955588,6,0,0,0,0,[],"[[""mixed"",120]]"
periodic,31,1,19,0.4797456181,3,45,45,30,7,"[15,30,45,60,75,90,105]","[[""initial"",15],[""useful"",15],[""irrelevant"",15],[""initial"",15],[""useful"",15],[""irrelevant"",15],[""initial"",15],[""useful"",15]]"
random_block,31,1,24,0.4730432259,6,30,45,45,7,"[15,30,45,60,75,90,105]","[[""initial"",15],[""irrelevant"",15],[""initial"",15],[""irrelevant"",15],[""useful"",15],[""initial"",15],[""useful"",15],[""irrelevant"",15]]"
adaptive_mismatch,31,1,19,1.1173921393,2,105,15,0,1,[15],"[[""initial"",15],[""useful"",105]]"
random_replay,31,1,19,1.1173921393,2,105,15,0,1,[15],"[[""initial"",15],[""useful"",105]]"
fixed_initial,32,0,,0.0016040464,6,0,120,0,0,[],"[[""initial"",120]]"
fixed_useful,32,1,8,1.1335398187,2,120,0,0,0,[],"[[""useful"",120]]"
mixed,32,1,13,0.3880153138,7,0,0,0,0,[],"[[""mixed"",120]]"
periodic,32,1,17,0.4288831610,4,30,45,45,7,"[15,30,45,60,75,90,105]","[[""initial"",15],[""irrelevant"",15],[""useful"",15],[""initial"",15],[""irrelevant"",15],[""useful"",15],[""initial"",15],[""irrelevant"",15]]"
random_block,32,1,17,0.4095196587,7,15,60,45,7,"[15,30,45,60,75,90,105]","[[""initial"",15],[""irrelevant"",15],[""initial"",15],[""irrelevant"",15],[""initial"",15],[""useful"",15],[""irrelevant"",15],[""initial"",15]]"
adaptive_mismatch,32,1,17,0.9016046241,2,60,15,45,2,"[15,60]","[[""initial"",15],[""irrelevant"",45],[""useful"",60]]"
random_replay,32,1,18,0.6575664022,8,45,15,60,2,"[15,60]","[[""initial"",15],[""useful"",45],[""irrelevant"",60]]"
fixed_initial,33,0,,0.0000000000,9,0,120,0,0,[],"[[""initial"",120]]"
fixed_useful,33,1,8,1.1767183676,2,120,0,0,0,[],"[[""useful"",120]]"
mixed,33,1,13,0.3849172216,6,0,0,0,0,[],"[[""mixed"",120]]"
periodic,33,1,16,0.4575088388,5,30,45,45,7,"[15,30,45,60,75,90,105]","[[""initial"",15],[""irrelevant"",15],[""useful"",15],[""initial"",15],[""irrelevant"",15],[""useful"",15],[""initial"",15],[""irrelevant"",15]]"
random_block,33,1,16,0.5092125551,7,30,45,45,7,"[15,30,45,60,75,90,105]","[[""initial"",15],[""irrelevant"",15],[""initial"",15],[""irrelevant"",15],[""useful"",15],[""irrelevant"",15],[""useful"",15],[""initial"",15]]"
adaptive_mismatch,33,1,16,0.9147294825,2,45,15,60,2,"[15,75]","[[""initial"",15],[""irrelevant"",60],[""useful"",45]]"
random_replay,33,1,19,0.8144839642,6,60,15,45,2,"[15,75]","[[""initial"",15],[""useful"",60],[""irrelevant"",45]]"
fixed_initial,34,0,,0.0000000000,9,0,120,0,0,[],"[[""initial"",120]]"
fixed_useful,34,1,8,1.1434867880,2,120,0,0,0,[],"[[""useful"",120]]"
mixed,34,1,13,0.3874025915,4,0,0,0,0,[],"[[""mixed"",120]]"
periodic,34,1,18,0.6179562220,2,45,45,30,7,"[15,30,45,60,75,90,105]","[[""initial"",15],[""useful"",15],[""irrelevant"",15],[""initial"",15],[""useful"",15],[""irrelevant"",15],[""initial"",15],[""useful"",15]]"
random_block,34,1,33,0.5388225828,8,15,60,45,7,"[15,30,45,60,75,90,105]","[[""initial"",15],[""irrelevant"",15],[""initial"",15],[""irrelevant"",15],[""initial"",15],[""useful"",15],[""initial"",15],[""irrelevant"",15]]"
adaptive_mismatch,34,1,18,1.1318595223,2,105,15,0,1,[15],"[[""initial"",15],[""useful"",105]]"
random_replay,34,0,,0.0000000000,9,0,15,105,1,[15],"[[""initial"",15],[""irrelevant"",105]]"
fixed_initial,35,0,,0.0000000000,9,0,120,0,0,[],"[[""initial"",120]]"
fixed_useful,35,1,8,1.1720549889,2,120,0,0,0,[],"[[""useful"",120]]"
mixed,35,1,11,0.4286738317,5,0,0,0,0,[],"[[""mixed"",120]]"
periodic,35,1,16,0.6540605846,2,45,45,30,7,"[15,30,45,60,75,90,105]","[[""initial"",15],[""useful"",15],[""irrelevant"",15],[""initial"",15],[""useful"",15],[""irrelevant"",15],[""initial"",15],[""useful"",15]]"
random_block,35,1,31,0.6501121968,2,30,60,30,7,"[15,30,45,60,75,90,105]","[[""initial"",15],[""irrelevant"",15],[""initial"",15],[""useful"",15],[""initial"",15],[""irrelevant"",15],[""initial"",15],[""useful"",15]]"
adaptive_mismatch,35,1,16,1.1612938924,2,105,15,0,1,[15],"[[""initial"",15],[""useful"",105]]"
random_replay,35,0,,0.0000000000,9,0,15,105,1,[15],"[[""initial"",15],[""irrelevant"",105]]"
fixed_initial,36,0,,0.0005658881,6,0,120,0,0,[],"[[""initial"",120]]"
fixed_useful,36,1,7,1.2477053607,2,120,0,0,0,[],"[[""useful"",120]]"
mixed,36,1,13,0.4032719971,5,0,0,0,0,[],"[[""mixed"",120]]"
periodic,36,1,18,0.5267052195,3,45,45,30,7,"[15,30,45,60,75,90,105]","[[""initial"",15],[""useful"",15],[""irrelevant"",15],[""initial"",15],[""useful"",15],[""irrelevant"",15],[""initial"",15],[""useful"",15]]"
random_block,36,1,18,0.4951789191,7,30,60,30,7,"[15,30,45,60,75,90,105]","[[""initial"",15],[""useful"",15],[""irrelevant"",15],[""initial"",15],[""irrelevant"",15],[""initial"",15],[""useful"",15],[""initial"",15]]"
adaptive_mismatch,36,1,18,1.2182319135,2,105,15,0,1,[15],"[[""initial"",15],[""useful"",105]]"
random_replay,36,1,17,0.0418644832,9,0,15,105,1,[15],"[[""initial"",15],[""irrelevant"",105]]"
fixed_initial,37,0,,0.0000000000,9,0,120,0,0,[],"[[""initial"",120]]"
fixed_useful,37,1,8,1.0130117519,2,120,0,0,0,[],"[[""useful"",120]]"
mixed,37,1,18,0.3197909878,9,0,0,0,0,[],"[[""mixed"",120]]"
periodic,37,1,18,0.4070561753,5,45,45,30,7,"[15,30,45,60,75,90,105]","[[""initial"",15],[""useful"",15],[""irrelevant"",15],[""initial"",15],[""useful"",15],[""irrelevant"",15],[""initial"",15],[""useful"",15]]"
random_block,37,1,18,0.3951182559,7,45,45,30,7,"[15,30,45,60,75,90,105]","[[""initial"",15],[""useful"",15],[""initial"",15],[""irrelevant"",15],[""useful"",15],[""irrelevant"",15],[""useful"",15],[""initial"",15]]"
adaptive_mismatch,37,1,18,0.9908526744,2,105,15,0,1,[15],"[[""initial"",15],[""useful"",105]]"
random_replay,37,0,,0.0000000000,9,0,15,105,1,[15],"[[""initial"",15],[""irrelevant"",105]]"
fixed_initial,38,0,,0.0000000000,9,0,120,0,0,[],"[[""initial"",120]]"
fixed_useful,38,1,8,1.1351578153,2,120,0,0,0,[],"[[""useful"",120]]"
mixed,38,1,11,0.4325973304,4,0,0,0,0,[],"[[""mixed"",120]]"
periodic,38,1,19,0.4618884562,4,45,45,30,7,"[15,30,45,60,75,90,105]","[[""initial"",15],[""useful"",15],[""irrelevant"",15],[""initial"",15],[""useful"",15],[""irrelevant"",15],[""initial"",15],[""useful"",15]]"
random_block,38,1,19,0.5211458018,3,45,45,30,7,"[15,30,45,60,75,90,105]","[[""initial"",15],[""useful"",15],[""initial"",15],[""useful"",15],[""irrelevant"",15],[""initial"",15],[""irrelevant"",15],[""useful"",15]]"
adaptive_mismatch,38,1,19,1.1068807108,2,105,15,0,1,[15],"[[""initial"",15],[""useful"",105]]"
random_replay,38,1,16,0.0953155753,9,0,15,105,1,[15],"[[""initial"",15],[""irrelevant"",105]]"
fixed_initial,39,0,,0.0001807073,6,0,120,0,0,[],"[[""initial"",120]]"
fixed_useful,39,1,8,1.1617516541,2,120,0,0,0,[],"[[""useful"",120]]"
mixed,39,1,11,0.4513364328,5,0,0,0,0,[],"[[""mixed"",120]]"
periodic,39,1,16,0.6942544767,2,45,45,30,7,"[15,30,45,60,75,90,105]","[[""initial"",15],[""useful"",15],[""irrelevant"",15],[""initial"",15],[""useful"",15],[""irrelevant"",15],[""initial"",15],[""useful"",15]]"
random_block,39,1,16,0.6125706116,6,45,45,30,7,"[15,30,45,60,75,90,105]","[[""initial"",15],[""useful"",15],[""irrelevant"",15],[""useful"",15],[""irrelevant"",15],[""initial"",15],[""useful"",15],[""initial"",15]]"
adaptive_mismatch,39,1,16,1.1500345235,2,105,15,0,1,[15],"[[""initial"",15],[""useful"",105]]"
random_replay,39,1,16,1.1500345235,2,105,15,0,1,[15],"[[""initial"",15],[""useful"",105]]"
fixed_initial,40,0,,0.0000000000,9,0,120,0,0,[],"[[""initial"",120]]"
fixed_useful,40,1,7,1.2037743965,2,120,0,0,0,[],"[[""useful"",120]]"
mixed,40,1,13,0.3863469985,3,0,0,0,0,[],"[[""mixed"",120]]"
periodic,40,1,31,0.4986281530,4,30,45,45,7,"[15,30,45,60,75,90,105]","[[""initial"",15],[""irrelevant"",15],[""useful"",15],[""initial"",15],[""irrelevant"",15],[""useful"",15],[""initial"",15],[""irrelevant"",15]]"
random_block,40,1,46,0.5635973169,3,30,30,60,7,"[15,30,45,60,75,90,105]","[[""initial"",15],[""irrelevant"",15],[""initial"",15],[""irrelevant"",15],[""useful"",15],[""irrelevant"",15],[""useful"",15],[""irrelevant"",15]]"
adaptive_mismatch,40,1,31,1.1512192127,2,90,15,15,2,"[15,30]","[[""initial"",15],[""irrelevant"",15],[""useful"",90]]"
random_replay,40,1,31,1.1512192127,2,90,15,15,2,"[15,30]","[[""initial"",15],[""irrelevant"",15],[""useful"",90]]"
fixed_initial,41,0,,0.0000214615,6,0,120,0,0,[],"[[""initial"",120]]"
fixed_useful,41,1,8,1.0734656505,2,120,0,0,0,[],"[[""useful"",120]]"
mixed,41,1,12,0.4028081512,7,0,0,0,0,[],"[[""mixed"",120]]"
periodic,41,1,33,0.4293542370,5,30,45,45,7,"[15,30,45,60,75,90,105]","[[""initial"",15],[""irrelevant"",15],[""useful"",15],[""initial"",15],[""irrelevant"",15],[""useful"",15],[""initial"",15],[""irrelevant"",15]]"
random_block,41,1,19,0.6636265917,2,60,45,15,7,"[15,30,45,60,75,90,105]","[[""initial"",15],[""useful"",15],[""initial"",15],[""useful"",15],[""initial"",15],[""useful"",15],[""irrelevant"",15],[""useful"",15]]"
adaptive_mismatch,41,1,33,1.0168921176,2,90,15,15,2,"[15,30]","[[""initial"",15],[""irrelevant"",15],[""useful"",90]]"
random_replay,41,1,19,0.3595434282,9,15,15,90,2,"[15,30]","[[""initial"",15],[""useful"",15],[""irrelevant"",90]]"
fixed_initial,42,0,,0.0000000000,9,0,120,0,0,[],"[[""initial"",120]]"
fixed_useful,42,1,8,1.0171904276,2,120,0,0,0,[],"[[""useful"",120]]"
mixed,42,1,11,0.4222445958,5,0,0,0,0,[],"[[""mixed"",120]]"
periodic,42,1,31,0.4943664199,8,30,45,45,7,"[15,30,45,60,75,90,105]","[[""initial"",15],[""irrelevant"",15],[""useful"",15],[""initial"",15],[""irrelevant"",15],[""useful"",15],[""initial"",15],[""irrelevant"",15]]"
random_block,42,1,31,0.3965974141,8,15,60,45,7,"[15,30,45,60,75,90,105]","[[""initial"",15],[""irrelevant"",15],[""initial"",15],[""irrelevant"",15],[""initial"",15],[""useful"",15],[""initial"",15],[""irrelevant"",15]]"
adaptive_mismatch,42,1,31,0.9756493834,2,90,15,15,2,"[15,30]","[[""initial"",15],[""irrelevant"",15],[""useful"",90]]"
random_replay,42,1,19,0.1506421352,9,15,15,90,2,"[15,30]","[[""initial"",15],[""useful"",15],[""irrelevant"",90]]"
fixed_initial,43,0,,0.0010681425,6,0,120,0,0,[],"[[""initial"",120]]"
fixed_useful,43,1,7,1.2474967305,2,120,0,0,0,[],"[[""useful"",120]]"
mixed,43,1,17,0.2744548545,7,0,0,0,0,[],"[[""mixed"",120]]"
periodic,43,1,18,0.4539143152,4,45,45,30,7,"[15,30,45,60,75,90,105]","[[""initial"",15],[""useful"",15],[""irrelevant"",15],[""initial"",15],[""useful"",15],[""irrelevant"",15],[""initial"",15],[""useful"",15]]"
random_block,43,1,35,0.4092137467,8,30,45,45,7,"[15,30,45,60,75,90,105]","[[""initial"",15],[""irrelevant"",15],[""initial"",15],[""useful"",15],[""irrelevant"",15],[""useful"",15],[""initial"",15],[""irrelevant"",15]]"
adaptive_mismatch,43,1,18,1.2209105151,2,105,15,0,1,[15],"[[""initial"",15],[""useful"",105]]"
random_replay,43,0,,0.0000000000,9,0,15,105,1,[15],"[[""initial"",15],[""irrelevant"",105]]"
fixed_initial,44,0,,0.0000000000,9,0,120,0,0,[],"[[""initial"",120]]"
fixed_useful,44,1,8,1.2024605608,2,120,0,0,0,[],"[[""useful"",120]]"
mixed,44,1,10,0.4709685188,4,0,0,0,0,[],"[[""mixed"",120]]"
periodic,44,1,17,0.6091130793,4,30,45,45,7,"[15,30,45,60,75,90,105]","[[""initial"",15],[""irrelevant"",15],[""useful"",15],[""initial"",15],[""irrelevant"",15],[""useful"",15],[""initial"",15],[""irrelevant"",15]]"
random_block,44,1,17,0.7259677055,3,30,45,45,7,"[15,30,45,60,75,90,105]","[[""initial"",15],[""irrelevant"",15],[""initial"",15],[""irrelevant"",15],[""useful"",15],[""irrelevant"",15],[""useful"",15],[""initial"",15]]"
adaptive_mismatch,44,1,17,1.1084242378,2,60,15,45,2,"[15,60]","[[""initial"",15],[""irrelevant"",45],[""useful"",60]]"
random_replay,44,1,17,1.1084242378,2,60,15,45,2,"[15,60]","[[""initial"",15],[""irrelevant"",45],[""useful"",60]]"
fixed_initial,45,0,,0.0000000000,9,0,120,0,0,[],"[[""initial"",120]]"
fixed_useful,45,1,7,1.1736868023,2,120,0,0,0,[],"[[""useful"",120]]"
mixed,45,1,13,0.3877249020,5,0,0,0,0,[],"[[""mixed"",120]]"
periodic,45,1,19,0.5152082073,3,45,45,30,7,"[15,30,45,60,75,90,105]","[[""initial"",15],[""useful"",15],[""irrelevant"",15],[""initial"",15],[""useful"",15],[""irrelevant"",15],[""initial"",15],[""useful"",15]]"
random_block,45,1,19,0.6198855527,8,45,45,30,7,"[15,30,45,60,75,90,105]","[[""initial"",15],[""useful"",15],[""initial"",15],[""useful"",15],[""irrelevant"",15],[""useful"",15],[""initial"",15],[""irrelevant"",15]]"
adaptive_mismatch,45,1,19,1.1439819888,2,105,15,0,1,[15],"[[""initial"",15],[""useful"",105]]"
random_replay,45,1,19,1.1439819888,2,105,15,0,1,[15],"[[""initial"",15],[""useful"",105]]"
fixed_initial,46,0,,0.0000000000,9,0,120,0,0,[],"[[""initial"",120]]"
fixed_useful,46,1,8,1.0476484213,2,120,0,0,0,[],"[[""useful"",120]]"
mixed,46,1,10,0.4615385726,3,0,0,0,0,[],"[[""mixed"",120]]"
periodic,46,1,19,0.5292315445,3,45,45,30,7,"[15,30,45,60,75,90,105]","[[""initial"",15],[""useful"",15],[""irrelevant"",15],[""initial"",15],[""useful"",15],[""irrelevant"",15],[""initial"",15],[""useful"",15]]"
random_block,46,1,19,0.6080184596,4,45,45,30,7,"[15,30,45,60,75,90,105]","[[""initial"",15],[""useful"",15],[""irrelevant"",15],[""useful"",15],[""initial"",15],[""irrelevant"",15],[""useful"",15],[""initial"",15]]"
adaptive_mismatch,46,1,19,1.0207338739,2,105,15,0,1,[15],"[[""initial"",15],[""useful"",105]]"
random_replay,46,1,19,1.0207338739,2,105,15,0,1,[15],"[[""initial"",15],[""useful"",105]]"
fixed_initial,47,0,,0.0000000000,9,0,120,0,0,[],"[[""initial"",120]]"
fixed_useful,47,1,8,1.1591040770,2,120,0,0,0,[],"[[""useful"",120]]"
mixed,47,1,13,0.3886642615,5,0,0,0,0,[],"[[""mixed"",120]]"
periodic,47,1,19,0.4853468224,3,45,45,30,7,"[15,30,45,60,75,90,105]","[[""initial"",15],[""useful"",15],[""irrelevant"",15],[""initial"",15],[""useful"",15],[""irrelevant"",15],[""initial"",15],[""useful"",15]]"
random_block,47,1,19,0.4548033478,4,45,45,30,7,"[15,30,45,60,75,90,105]","[[""initial"",15],[""useful"",15],[""irrelevant"",15],[""useful"",15],[""initial"",15],[""useful"",15],[""initial"",15],[""irrelevant"",15]]"
adaptive_mismatch,47,1,19,1.1319606217,2,105,15,0,1,[15],"[[""initial"",15],[""useful"",105]]"
random_replay,47,1,16,0.0829813329,9,0,15,105,1,[15],"[[""initial"",15],[""irrelevant"",105]]"
fixed_initial,48,0,,0.0000000000,9,0,120,0,0,[],"[[""initial"",120]]"
fixed_useful,48,1,8,1.0743186488,2,120,0,0,0,[],"[[""useful"",120]]"
mixed,48,1,14,0.3453423126,6,0,0,0,0,[],"[[""mixed"",120]]"
periodic,48,1,16,0.5758788642,2,45,45,30,7,"[15,30,45,60,75,90,105]","[[""initial"",15],[""useful"",15],[""irrelevant"",15],[""initial"",15],[""useful"",15],[""irrelevant"",15],[""initial"",15],[""useful"",15]]"
random_block,48,1,16,0.5758788642,2,45,45,30,7,"[15,30,45,60,75,90,105]","[[""initial"",15],[""useful"",15],[""irrelevant"",15],[""initial"",15],[""useful"",15],[""irrelevant"",15],[""initial"",15],[""useful"",15]]"
adaptive_mismatch,48,1,16,1.0713065401,2,105,15,0,1,[15],"[[""initial"",15],[""useful"",105]]"
random_replay,48,0,,0.0000000000,9,0,15,105,1,[15],"[[""initial"",15],[""irrelevant"",105]]"
fixed_initial,49,0,,0.0000000000,9,0,120,0,0,[],"[[""initial"",120]]"
fixed_useful,49,1,7,1.1757351075,2,120,0,0,0,[],"[[""useful"",120]]"
mixed,49,1,12,0.4324851072,4,0,0,0,0,[],"[[""mixed"",120]]"
periodic,49,1,18,0.5744072866,2,45,45,30,7,"[15,30,45,60,75,90,105]","[[""initial"",15],[""useful"",15],[""irrelevant"",15],[""initial"",15],[""useful"",15],[""irrelevant"",15],[""initial"",15],[""useful"",15]]"
random_block,49,1,23,0.4920842073,2,45,30,45,7,"[15,30,45,60,75,90,105]","[[""initial"",15],[""irrelevant"",15],[""useful"",15],[""irrelevant"",15],[""useful"",15],[""initial"",15],[""irrelevant"",15],[""useful"",15]]"
adaptive_mismatch,49,1,18,1.1596561715,2,105,15,0,1,[15],"[[""initial"",15],[""useful"",105]]"
random_replay,49,1,23,0.0209281978,9,0,15,105,1,[15],"[[""initial"",15],[""irrelevant"",105]]"
fixed_initial,50,0,,0.0000000000,9,0,120,0,0,[],"[[""initial"",120]]"
fixed_useful,50,1,8,1.1145591938,2,120,0,0,0,[],"[[""useful"",120]]"
mixed,50,1,11,0.4498794615,4,0,0,0,0,[],"[[""mixed"",120]]"
periodic,50,1,32,0.3967601247,7,30,45,45,7,"[15,30,45,60,75,90,105]","[[""initial"",15],[""irrelevant"",15],[""useful"",15],[""initial"",15],[""irrelevant"",15],[""useful"",15],[""initial"",15],[""irrelevant"",15]]"
random_block,50,1,19,0.5238928076,7,30,60,30,7,"[15,30,45,60,75,90,105]","[[""initial"",15],[""useful"",15],[""initial"",15],[""useful"",15],[""irrelevant"",15],[""initial"",15],[""irrelevant"",15],[""initial"",15]]"
adaptive_mismatch,50,1,32,1.0471264769,2,90,15,15,2,"[15,30]","[[""initial"",15],[""irrelevant"",15],[""useful"",90]]"
random_replay,50,1,32,1.0471264769,2,90,15,15,2,"[15,30]","[[""initial"",15],[""irrelevant"",15],[""useful"",90]]"
fixed_initial,51,0,,0.0000000000,9,0,120,0,0,[],"[[""initial"",120]]"
fixed_useful,51,1,7,1.1605962679,2,120,0,0,0,[],"[[""useful"",120]]"
mixed,51,1,13,0.3849632036,5,0,0,0,0,[],"[[""mixed"",120]]"
periodic,51,1,31,0.6290456162,4,30,45,45,7,"[15,30,45,60,75,90,105]","[[""initial"",15],[""irrelevant"",15],[""useful"",15],[""initial"",15],[""irrelevant"",15],[""useful"",15],[""initial"",15],[""irrelevant"",15]]"
random_block,51,1,19,0.7027467428,2,60,45,15,7,"[15,30,45,60,75,90,105]","[[""initial"",15],[""useful"",15],[""initial"",15],[""useful"",15],[""initial"",15],[""useful"",15],[""irrelevant"",15],[""useful"",15]]"
adaptive_mismatch,51,1,31,1.1329891435,2,90,15,15,2,"[15,30]","[[""initial"",15],[""irrelevant"",15],[""useful"",90]]"
random_replay,51,1,19,0.1818497081,6,15,105,0,2,"[15,30]","[[""initial"",15],[""useful"",15],[""initial"",90]]"
fixed_initial,52,0,,0.0000000000,9,0,120,0,0,[],"[[""initial"",120]]"
fixed_useful,52,1,8,0.9781440974,2,120,0,0,0,[],"[[""useful"",120]]"
mixed,52,1,12,0.3402333798,7,0,0,0,0,[],"[[""mixed"",120]]"
periodic,52,1,34,0.3860917809,4,30,45,45,7,"[15,30,45,60,75,90,105]","[[""initial"",15],[""irrelevant"",15],[""useful"",15],[""initial"",15],[""irrelevant"",15],[""useful"",15],[""initial"",15],[""irrelevant"",15]]"
random_block,52,1,19,0.4323120514,5,45,60,15,7,"[15,30,45,60,75,90,105]","[[""initial"",15],[""useful"",15],[""initial"",15],[""useful"",15],[""initial"",15],[""irrelevant"",15],[""useful"",15],[""initial"",15]]"
adaptive_mismatch,52,1,34,0.8969961539,2,90,15,15,2,"[15,30]","[[""initial"",15],[""irrelevant"",15],[""useful"",90]]"
random_replay,52,0,,0.0000000000,9,0,105,15,2,"[15,30]","[[""initial"",15],[""irrelevant"",15],[""initial"",90]]"
fixed_initial,53,0,,0.0000000000,9,0,120,0,0,[],"[[""initial"",120]]"
fixed_useful,53,1,7,1.1741785533,2,120,0,0,0,[],"[[""useful"",120]]"
mixed,53,1,13,0.3867152071,4,0,0,0,0,[],"[[""mixed"",120]]"
periodic,53,1,16,0.6172163484,2,45,45,30,7,"[15,30,45,60,75,90,105]","[[""initial"",15],[""useful"",15],[""irrelevant"",15],[""initial"",15],[""useful"",15],[""irrelevant"",15],[""initial"",15],[""useful"",15]]"
random_block,53,1,16,0.5163486132,3,30,45,45,7,"[15,30,45,60,75,90,105]","[[""initial"",15],[""useful"",15],[""irrelevant"",15],[""initial"",15],[""irrelevant"",15],[""initial"",15],[""irrelevant"",15],[""useful"",15]]"
adaptive_mismatch,53,1,16,1.1702798857,2,105,15,0,1,[15],"[[""initial"",15],[""useful"",105]]"
random_replay,53,0,,0.0002885414,9,0,15,105,1,[15],"[[""initial"",15],[""irrelevant"",105]]"
fixed_initial,54,0,,0.0000000000,9,0,120,0,0,[],"[[""initial"",120]]"
fixed_useful,54,1,8,0.9979385441,2,120,0,0,0,[],"[[""useful"",120]]"
mixed,54,1,10,0.4604492815,5,0,0,0,0,[],"[[""mixed"",120]]"
periodic,54,1,19,0.4610780425,4,45,45,30,7,"[15,30,45,60,75,90,105]","[[""initial"",15],[""useful"",15],[""irrelevant"",15],[""initial"",15],[""useful"",15],[""irrelevant"",15],[""initial"",15],[""useful"",15]]"
random_block,54,1,19,0.6681762298,2,60,30,30,7,"[15,30,45,60,75,90,105]","[[""initial"",15],[""useful"",15],[""irrelevant"",15],[""useful"",15],[""initial"",15],[""useful"",15],[""irrelevant"",15],[""useful"",15]]"
adaptive_mismatch,54,1,19,0.9726286246,2,105,15,0,1,[15],"[[""initial"",15],[""useful"",105]]"
random_replay,54,0,,0.0000000000,9,0,15,105,1,[15],"[[""initial"",15],[""irrelevant"",105]]"
fixed_initial,55,0,,0.0006477743,6,0,120,0,0,[],"[[""initial"",120]]"
fixed_useful,55,1,7,1.2666555141,2,120,0,0,0,[],"[[""useful"",120]]"
mixed,55,1,11,0.4380869003,5,0,0,0,0,[],"[[""mixed"",120]]"
periodic,55,1,32,0.5225433469,7,30,45,45,7,"[15,30,45,60,75,90,105]","[[""initial"",15],[""irrelevant"",15],[""useful"",15],[""initial"",15],[""irrelevant"",15],[""useful"",15],[""initial"",15],[""irrelevant"",15]]"
random_block,55,1,31,0.6015676639,3,30,60,30,7,"[15,30,45,60,75,90,105]","[[""initial"",15],[""irrelevant"",15],[""initial"",15],[""irrelevant"",15],[""useful"",15],[""initial"",15],[""useful"",15],[""initial"",15]]"
adaptive_mismatch,55,1,32,1.1733397657,2,90,15,15,2,"[15,30]","[[""initial"",15],[""irrelevant"",15],[""useful"",90]]"
random_replay,55,1,19,0.2007519146,9,15,15,90,2,"[15,30]","[[""initial"",15],[""useful"",15],[""irrelevant"",90]]"
fixed_initial,56,0,,0.0000000000,9,0,120,0,0,[],"[[""initial"",120]]"
fixed_useful,56,1,8,1.0704022665,2,120,0,0,0,[],"[[""useful"",120]]"
mixed,56,1,12,0.4046745528,4,0,0,0,0,[],"[[""mixed"",120]]"
periodic,56,1,19,0.4159226989,4,45,45,30,7,"[15,30,45,60,75,90,105]","[[""initial"",15],[""useful"",15],[""irrelevant"",15],[""initial"",15],[""useful"",15],[""irrelevant"",15],[""initial"",15],[""useful"",15]]"
random_block,56,1,16,0.5153256946,4,30,60,30,7,"[15,30,45,60,75,90,105]","[[""initial"",15],[""irrelevant"",15],[""initial"",15],[""irrelevant"",15],[""useful"",15],[""initial"",15],[""useful"",15],[""initial"",15]]"
adaptive_mismatch,56,1,19,1.0498081932,2,105,15,0,1,[15],"[[""initial"",15],[""useful"",105]]"
random_replay,56,1,19,1.0498081932,2,105,15,0,1,[15],"[[""initial"",15],[""useful"",105]]"
fixed_initial,57,0,,0.0001620776,6,0,120,0,0,[],"[[""initial"",120]]"
fixed_useful,57,1,7,1.2181611109,2,120,0,0,0,[],"[[""useful"",120]]"
mixed,57,1,13,0.4000947047,5,0,0,0,0,[],"[[""mixed"",120]]"
periodic,57,1,16,0.6239401231,2,45,45,30,7,"[15,30,45,60,75,90,105]","[[""initial"",15],[""useful"",15],[""irrelevant"",15],[""initial"",15],[""useful"",15],[""irrelevant"",15],[""initial"",15],[""useful"",15]]"
random_block,57,1,16,0.5775553819,6,45,45,30,7,"[15,30,45,60,75,90,105]","[[""initial"",15],[""useful"",15],[""irrelevant"",15],[""useful"",15],[""initial"",15],[""useful"",15],[""irrelevant"",15],[""initial"",15]]"
adaptive_mismatch,57,1,16,1.2061909697,2,105,15,0,1,[15],"[[""initial"",15],[""useful"",105]]"
random_replay,57,0,,0.0000000000,9,0,15,105,1,[15],"[[""initial"",15],[""irrelevant"",105]]"
fixed_initial,58,0,,0.0000000000,9,0,120,0,0,[],"[[""initial"",120]]"
fixed_useful,58,1,8,1.0589718584,2,120,0,0,0,[],"[[""useful"",120]]"
mixed,58,1,10,0.4651770718,3,0,0,0,0,[],"[[""mixed"",120]]"
periodic,58,1,31,0.5843358103,6,30,45,45,7,"[15,30,45,60,75,90,105]","[[""initial"",15],[""irrelevant"",15],[""useful"",15],[""initial"",15],[""irrelevant"",15],[""useful"",15],[""initial"",15],[""irrelevant"",15]]"
random_block,58,1,19,0.6133899078,3,30,60,30,7,"[15,30,45,60,75,90,105]","[[""initial"",15],[""useful"",15],[""initial"",15],[""irrelevant"",15],[""initial"",15],[""irrelevant"",15],[""useful"",15],[""initial"",15]]"
adaptive_mismatch,58,1,61,0.9689672277,2,60,15,45,2,"[15,60]","[[""initial"",15],[""irrelevant"",45],[""useful"",60]]"
random_replay,58,1,61,0.3986421888,7,0,75,45,2,"[15,60]","[[""initial"",15],[""irrelevant"",45],[""initial"",60]]"
fixed_initial,59,0,,0.0000000000,9,0,120,0,0,[],"[[""initial"",120]]"
fixed_useful,59,1,7,1.3095357065,2,120,0,0,0,[],"[[""useful"",120]]"
mixed,59,1,15,0.3886261317,6,0,0,0,0,[],"[[""mixed"",120]]"
periodic,59,1,26,0.4694449330,6,30,45,45,7,"[15,30,45,60,75,90,105]","[[""initial"",15],[""irrelevant"",15],[""useful"",15],[""initial"",15],[""irrelevant"",15],[""useful"",15],[""initial"",15],[""irrelevant"",15]]"
random_block,59,1,26,0.5069928331,3,45,45,30,7,"[15,30,45,60,75,90,105]","[[""initial"",15],[""irrelevant"",15],[""useful"",15],[""irrelevant"",15],[""initial"",15],[""useful"",15],[""initial"",15],[""useful"",15]]"
adaptive_mismatch,59,1,26,0.9827307358,2,45,15,60,2,"[15,75]","[[""initial"",15],[""irrelevant"",60],[""useful"",45]]"
random_replay,59,1,19,0.9070422712,7,60,15,45,2,"[15,75]","[[""initial"",15],[""useful"",60],[""irrelevant"",45]]"
fixed_initial,60,0,,0.0000000000,9,0,120,0,0,[],"[[""initial"",120]]"
fixed_useful,60,1,7,1.1653436242,2,120,0,0,0,[],"[[""useful"",120]]"
mixed,60,1,16,0.3290946399,7,0,0,0,0,[],"[[""mixed"",120]]"
periodic,60,1,19,0.4449925261,4,45,45,30,7,"[15,30,45,60,75,90,105]","[[""initial"",15],[""useful"",15],[""irrelevant"",15],[""initial"",15],[""useful"",15],[""irrelevant"",15],[""initial"",15],[""useful"",15]]"
random_block,60,1,19,0.4217706324,6,45,30,45,7,"[15,30,45,60,75,90,105]","[[""initial"",15],[""useful"",15],[""irrelevant"",15],[""useful"",15],[""irrelevant"",15],[""initial"",15],[""useful"",15],[""irrelevant"",15]]"
adaptive_mismatch,60,1,19,1.1388467032,2,105,15,0,1,[15],"[[""initial"",15],[""useful"",105]]"
random_replay,60,1,19,1.1388467032,2,105,15,0,1,[15],"[[""initial"",15],[""useful"",105]]"
fixed_initial,61,0,,0.0000000000,9,0,120,0,0,[],"[[""initial"",120]]"
fixed_useful,61,1,8,1.1770350844,2,120,0,0,0,[],"[[""useful"",120]]"
mixed,61,1,11,0.4141154663,4,0,0,0,0,[],"[[""mixed"",120]]"
periodic,61,1,31,0.4428343452,8,30,45,45,7,"[15,30,45,60,75,90,105]","[[""initial"",15],[""irrelevant"",15],[""useful"",15],[""initial"",15],[""irrelevant"",15],[""useful"",15],[""initial"",15],[""irrelevant"",15]]"
random_block,61,1,16,0.5585900110,3,45,45,30,7,"[15,30,45,60,75,90,105]","[[""initial"",15],[""useful"",15],[""irrelevant"",15],[""initial"",15],[""useful"",15],[""initial"",15],[""irrelevant"",15],[""useful"",15]]"
adaptive_mismatch,61,1,31,1.0973308979,2,90,15,15,2,"[15,30]","[[""initial"",15],[""irrelevant"",15],[""useful"",90]]"
random_replay,61,1,31,0.1502701832,6,0,105,15,2,"[15,30]","[[""initial"",15],[""irrelevant"",15],[""initial"",90]]"
fixed_initial,62,0,,0.0000000000,9,0,120,0,0,[],"[[""initial"",120]]"
fixed_useful,62,1,8,1.0400887372,2,120,0,0,0,[],"[[""useful"",120]]"
mixed,62,1,14,0.3815325105,4,0,0,0,0,[],"[[""mixed"",120]]"
periodic,62,1,31,0.4614053916,7,30,45,45,7,"[15,30,45,60,75,90,105]","[[""initial"",15],[""irrelevant"",15],[""useful"",15],[""initial"",15],[""irrelevant"",15],[""useful"",15],[""initial"",15],[""irrelevant"",15]]"
random_block,62,1,32,0.3279480848,7,0,60,60,7,"[15,30,45,60,75,90,105]","[[""initial"",15],[""irrelevant"",15],[""initial"",15],[""irrelevant"",15],[""initial"",15],[""irrelevant"",15],[""initial"",15],[""irrelevant"",15]]"
adaptive_mismatch,62,1,61,0.9146492160,2,60,15,45,2,"[15,60]","[[""initial"",15],[""irrelevant"",45],[""useful"",60]]"
random_replay,62,1,16,0.6051710764,6,45,75,0,2,"[15,60]","[[""initial"",15],[""useful"",45],[""initial"",60]]"
fixed_initial,63,0,,0.0000000000,9,0,120,0,0,[],"[[""initial"",120]]"
fixed_useful,63,1,8,1.1345146109,2,120,0,0,0,[],"[[""useful"",120]]"
mixed,63,1,13,0.3912610513,6,0,0,0,0,[],"[[""mixed"",120]]"
periodic,63,1,19,0.4702795777,3,45,45,30,7,"[15,30,45,60,75,90,105]","[[""initial"",15],[""useful"",15],[""irrelevant"",15],[""initial"",15],[""useful"",15],[""irrelevant"",15],[""initial"",15],[""useful"",15]]"
random_block,63,1,19,0.4415145544,4,45,30,45,7,"[15,30,45,60,75,90,105]","[[""initial"",15],[""useful"",15],[""irrelevant"",15],[""useful"",15],[""irrelevant"",15],[""initial"",15],[""irrelevant"",15],[""useful"",15]]"
adaptive_mismatch,63,1,19,1.1051266445,2,105,15,0,1,[15],"[[""initial"",15],[""useful"",105]]"
random_replay,63,0,,0.0000000000,9,0,15,105,1,[15],"[[""initial"",15],[""irrelevant"",105]]"
fixed_initial,64,0,,0.0000000000,9,0,120,0,0,[],"[[""initial"",120]]"
fixed_useful,64,1,8,1.1502347087,2,120,0,0,0,[],"[[""useful"",120]]"
mixed,64,1,9,0.5402796877,4,0,0,0,0,[],"[[""mixed"",120]]"
periodic,64,1,16,0.6101659120,2,30,45,45,7,"[15,30,45,60,75,90,105]","[[""initial"",15],[""irrelevant"",15],[""useful"",15],[""initial"",15],[""irrelevant"",15],[""useful"",15],[""initial"",15],[""irrelevant"",15]]"
random_block,64,1,19,0.6588126055,2,45,45,30,7,"[15,30,45,60,75,90,105]","[[""initial"",15],[""useful"",15],[""irrelevant"",15],[""useful"",15],[""initial"",15],[""useful"",15],[""initial"",15],[""irrelevant"",15]]"
adaptive_mismatch,64,1,16,0.7450831691,2,45,15,60,2,"[15,75]","[[""initial"",15],[""irrelevant"",60],[""useful"",45]]"
random_replay,64,1,16,0.7450831691,2,45,15,60,2,"[15,75]","[[""initial"",15],[""irrelevant"",60],[""useful"",45]]"
fixed_initial,65,0,,0.0000000000,9,0,120,0,0,[],"[[""initial"",120]]"
fixed_useful,65,1,8,1.1327839550,2,120,0,0,0,[],"[[""useful"",120]]"
mixed,65,1,13,0.3783457771,5,0,0,0,0,[],"[[""mixed"",120]]"
periodic,65,1,18,0.4835423528,3,45,45,30,7,"[15,30,45,60,75,90,105]","[[""initial"",15],[""useful"",15],[""irrelevant"",15],[""initial"",15],[""useful"",15],[""irrelevant"",15],[""initial"",15],[""useful"",15]]"
random_block,65,1,32,0.4765412223,3,45,30,45,7,"[15,30,45,60,75,90,105]","[[""initial"",15],[""irrelevant"",15],[""useful"",15],[""irrelevant"",15],[""useful"",15],[""initial"",15],[""irrelevant"",15],[""useful"",15]]"
adaptive_mismatch,65,1,18,1.1064028984,2,105,15,0,1,[15],"[[""initial"",15],[""useful"",105]]"
random_replay,65,0,,0.0081990775,9,0,15,105,1,[15],"[[""initial"",15],[""irrelevant"",105]]"
fixed_initial,66,0,,0.0007251251,6,0,120,0,0,[],"[[""initial"",120]]"
fixed_useful,66,1,7,1.2013896652,2,120,0,0,0,[],"[[""useful"",120]]"
mixed,66,1,11,0.4734509607,4,0,0,0,0,[],"[[""mixed"",120]]"
periodic,66,1,32,0.4239635898,5,30,45,45,7,"[15,30,45,60,75,90,105]","[[""initial"",15],[""irrelevant"",15],[""useful"",15],[""initial"",15],[""irrelevant"",15],[""useful"",15],[""initial"",15],[""irrelevant"",15]]"
random_block,66,1,18,0.4977822926,3,45,45,30,7,"[15,30,45,60,75,90,105]","[[""initial"",15],[""useful"",15],[""initial"",15],[""irrelevant"",15],[""useful"",15],[""initial"",15],[""irrelevant"",15],[""useful"",15]]"
adaptive_mismatch,66,1,32,1.1287189802,2,90,15,15,2,"[15,30]","[[""initial"",15],[""irrelevant"",15],[""useful"",90]]"
random_replay,66,1,32,1.1287189802,2,90,15,15,2,"[15,30]","[[""initial"",15],[""irrelevant"",15],[""useful"",90]]"
fixed_initial,67,0,,0.0004435294,6,0,120,0,0,[],"[[""initial"",120]]"
fixed_useful,67,1,7,1.2860827805,2,120,0,0,0,[],"[[""useful"",120]]"
mixed,67,1,11,0.4659956106,4,0,0,0,0,[],"[[""mixed"",120]]"
periodic,67,1,16,0.7141186065,2,45,45,30,7,"[15,30,45,60,75,90,105]","[[""initial"",15],[""useful"",15],[""irrelevant"",15],[""initial"",15],[""useful"",15],[""irrelevant"",15],[""initial"",15],[""useful"",15]]"
random_block,67,1,17,0.6996514864,2,30,60,30,7,"[15,30,45,60,75,90,105]","[[""initial"",15],[""irrelevant"",15],[""initial"",15],[""useful"",15],[""initial"",15],[""irrelevant"",15],[""initial"",15],[""useful"",15]]"
adaptive_mismatch,67,1,16,1.2742433386,2,105,15,0,1,[15],"[[""initial"",15],[""useful"",105]]"
random_replay,67,1,17,0.0465165066,9,0,15,105,1,[15],"[[""initial"",15],[""irrelevant"",105]]"
fixed_initial,68,0,,0.0000000000,9,0,120,0,0,[],"[[""initial"",120]]"
fixed_useful,68,1,8,1.1727676125,2,120,0,0,0,[],"[[""useful"",120]]"
mixed,68,1,10,0.4851060611,4,0,0,0,0,[],"[[""mixed"",120]]"
periodic,68,1,16,0.5603954058,3,30,45,45,7,"[15,30,45,60,75,90,105]","[[""initial"",15],[""irrelevant"",15],[""useful"",15],[""initial"",15],[""irrelevant"",15],[""useful"",15],[""initial"",15],[""irrelevant"",15]]"
random_block,68,1,16,0.6989784381,3,45,60,15,7,"[15,30,45,60,75,90,105]","[[""initial"",15],[""useful"",15],[""irrelevant"",15],[""initial"",15],[""useful"",15],[""initial"",15],[""useful"",15],[""initial"",15]]"
adaptive_mismatch,68,1,16,0.8711359275,2,45,15,60,2,"[15,75]","[[""initial"",15],[""irrelevant"",60],[""useful"",45]]"
random_replay,68,1,16,0.8479833323,6,60,60,0,2,"[15,75]","[[""initial"",15],[""useful"",60],[""initial"",45]]"
fixed_initial,69,0,,0.0000000000,9,0,120,0,0,[],"[[""initial"",120]]"
fixed_useful,69,1,8,1.0062218374,2,120,0,0,0,[],"[[""useful"",120]]"
mixed,69,1,10,0.4686898271,3,0,0,0,0,[],"[[""mixed"",120]]"
periodic,69,1,19,0.4776278178,3,45,45,30,7,"[15,30,45,60,75,90,105]","[[""initial"",15],[""useful"",15],[""irrelevant"",15],[""initial"",15],[""useful"",15],[""irrelevant"",15],[""initial"",15],[""useful"",15]]"
random_block,69,1,19,0.4191063680,6,30,60,30,7,"[15,30,45,60,75,90,105]","[[""initial"",15],[""useful"",15],[""initial"",15],[""useful"",15],[""irrelevant"",15],[""initial"",15],[""irrelevant"",15],[""initial"",15]]"
adaptive_mismatch,69,1,19,0.9854565109,2,105,15,0,1,[15],"[[""initial"",15],[""useful"",105]]"
random_replay,69,0,,0.0064344918,9,0,15,105,1,[15],"[[""initial"",15],[""irrelevant"",105]]"
fixed_initial,70,0,,0.0000000000,9,0,120,0,0,[],"[[""initial"",120]]"
fixed_useful,70,1,8,1.0439088389,2,120,0,0,0,[],"[[""useful"",120]]"
mixed,70,1,14,0.3681637808,4,0,0,0,0,[],"[[""mixed"",120]]"
periodic,70,1,18,0.4134815257,3,30,45,45,7,"[15,30,45,60,75,90,105]","[[""initial"",15],[""irrelevant"",15],[""useful"",15],[""initial"",15],[""irrelevant"",15],[""useful"",15],[""initial"",15],[""irrelevant"",15]]"
random_block,70,1,18,0.4795295983,3,45,30,45,7,"[15,30,45,60,75,90,105]","[[""initial"",15],[""irrelevant"",15],[""useful"",15],[""initial"",15],[""irrelevant"",15],[""useful"",15],[""irrelevant"",15],[""useful"",15]]"
adaptive_mismatch,70,1,18,0.8584470492,2,60,15,45,2,"[15,60]","[[""initial"",15],[""irrelevant"",45],[""useful"",60]]"
random_replay,70,1,18,0.8584470492,2,60,15,45,2,"[15,60]","[[""initial"",15],[""irrelevant"",45],[""useful"",60]]"
fixed_initial,71,0,,0.0003883345,6,0,120,0,0,[],"[[""initial"",120]]"
fixed_useful,71,1,7,1.1513129772,2,120,0,0,0,[],"[[""useful"",120]]"
mixed,71,1,10,0.4940047567,4,0,0,0,0,[],"[[""mixed"",120]]"
periodic,71,1,19,0.6372738609,3,45,45,30,7,"[15,30,45,60,75,90,105]","[[""initial"",15],[""useful"",15],[""irrelevant"",15],[""initial"",15],[""useful"",15],[""irrelevant"",15],[""initial"",15],[""useful"",15]]"
random_block,71,1,19,0.7028457876,2,60,45,15,7,"[15,30,45,60,75,90,105]","[[""initial"",15],[""useful"",15],[""initial"",15],[""useful"",15],[""initial"",15],[""useful"",15],[""irrelevant"",15],[""useful"",15]]"
adaptive_mismatch,71,1,19,1.1236215931,2,105,15,0,1,[15],"[[""initial"",15],[""useful"",105]]"
random_replay,71,0,,0.0084604695,9,0,15,105,1,[15],"[[""initial"",15],[""irrelevant"",105]]"
fixed_initial,72,0,,0.0000753448,6,0,120,0,0,[],"[[""initial"",120]]"
fixed_useful,72,1,7,1.2670457728,2,120,0,0,0,[],"[[""useful"",120]]"
mixed,72,1,11,0.4568730940,4,0,0,0,0,[],"[[""mixed"",120]]"
periodic,72,1,16,0.7109832576,2,45,45,30,7,"[15,30,45,60,75,90,105]","[[""initial"",15],[""useful"",15],[""irrelevant"",15],[""initial"",15],[""useful"",15],[""irrelevant"",15],[""initial"",15],[""useful"",15]]"
random_block,72,1,31,0.6627360760,2,45,45,30,7,"[15,30,45,60,75,90,105]","[[""initial"",15],[""irrelevant"",15],[""initial"",15],[""useful"",15],[""initial"",15],[""useful"",15],[""irrelevant"",15],[""useful"",15]]"
adaptive_mismatch,72,1,16,1.2553931806,2,105,15,0,1,[15],"[[""initial"",15],[""useful"",105]]"
random_replay,72,1,16,1.2553931806,2,105,15,0,1,[15],"[[""initial"",15],[""useful"",105]]"
fixed_initial,73,0,,0.0000000000,9,0,120,0,0,[],"[[""initial"",120]]"
fixed_useful,73,1,7,1.1840775534,2,120,0,0,0,[],"[[""useful"",120]]"
mixed,73,1,13,0.3996317106,5,0,0,0,0,[],"[[""mixed"",120]]"
periodic,73,1,17,0.4731799717,6,30,45,45,7,"[15,30,45,60,75,90,105]","[[""initial"",15],[""irrelevant"",15],[""useful"",15],[""initial"",15],[""irrelevant"",15],[""useful"",15],[""initial"",15],[""irrelevant"",15]]"
random_block,73,1,16,0.6435172355,2,45,45,30,7,"[15,30,45,60,75,90,105]","[[""initial"",15],[""useful"",15],[""initial"",15],[""irrelevant"",15],[""useful"",15],[""irrelevant"",15],[""initial"",15],[""useful"",15]]"
adaptive_mismatch,73,1,17,0.8028928718,2,45,15,60,2,"[15,75]","[[""initial"",15],[""irrelevant"",60],[""useful"",45]]"
random_replay,73,1,16,0.8590381490,6,60,60,0,2,"[15,75]","[[""initial"",15],[""useful"",60],[""initial"",45]]"
fixed_initial,74,0,,0.0000000000,9,0,120,0,0,[],"[[""initial"",120]]"
fixed_useful,74,1,8,1.0850721414,2,120,0,0,0,[],"[[""useful"",120]]"
mixed,74,1,11,0.4203245410,4,0,0,0,0,[],"[[""mixed"",120]]"
periodic,74,1,19,0.5897261620,4,45,45,30,7,"[15,30,45,60,75,90,105]","[[""initial"",15],[""useful"",15],[""irrelevant"",15],[""initial"",15],[""useful"",15],[""irrelevant"",15],[""initial"",15],[""useful"",15]]"
random_block,74,1,19,0.7060767822,3,60,30,30,7,"[15,30,45,60,75,90,105]","[[""initial"",15],[""useful"",15],[""irrelevant"",15],[""useful"",15],[""initial"",15],[""useful"",15],[""irrelevant"",15],[""useful"",15]]"
adaptive_mismatch,74,1,19,1.0569958137,2,105,15,0,1,[15],"[[""initial"",15],[""useful"",105]]"
random_replay,74,1,19,1.0569958137,2,105,15,0,1,[15],"[[""initial"",15],[""useful"",105]]"
fixed_initial,75,0,,0.0000000000,9,0,120,0,0,[],"[[""initial"",120]]"
fixed_useful,75,1,8,1.1038433443,2,120,0,0,0,[],"[[""useful"",120]]"
mixed,75,1,11,0.4594280609,5,0,0,0,0,[],"[[""mixed"",120]]"
periodic,75,1,16,0.5705029055,3,30,45,45,7,"[15,30,45,60,75,90,105]","[[""initial"",15],[""irrelevant"",15],[""useful"",15],[""initial"",15],[""irrelevant"",15],[""useful"",15],[""initial"",15],[""irrelevant"",15]]"
random_block,75,1,18,0.6760395571,3,30,45,45,7,"[15,30,45,60,75,90,105]","[[""initial"",15],[""useful"",15],[""initial"",15],[""irrelevant"",15],[""useful"",15],[""irrelevant"",15],[""initial"",15],[""irrelevant"",15]]"
adaptive_mismatch,75,1,16,0.6548274354,2,30,15,75,2,"[15,90]","[[""initial"",15],[""irrelevant"",75],[""useful"",30]]"
random_replay,75,1,18,0.9119957050,6,75,45,0,2,"[15,90]","[[""initial"",15],[""useful"",75],[""initial"",30]]"
fixed_initial,76,0,,0.0000000000,9,0,120,0,0,[],"[[""initial"",120]]"
fixed_useful,76,1,7,1.2418095426,2,120,0,0,0,[],"[[""useful"",120]]"
mixed,76,1,10,0.5126004945,4,0,0,0,0,[],"[[""mixed"",120]]"
periodic,76,1,16,0.6523791930,4,30,45,45,7,"[15,30,45,60,75,90,105]","[[""initial"",15],[""irrelevant"",15],[""useful"",15],[""initial"",15],[""irrelevant"",15],[""useful"",15],[""initial"",15],[""irrelevant"",15]]"
random_block,76,1,16,0.6952768067,6,15,60,45,7,"[15,30,45,60,75,90,105]","[[""initial"",15],[""irrelevant"",15],[""initial"",15],[""irrelevant"",15],[""initial"",15],[""irrelevant"",15],[""useful"",15],[""initial"",15]]"
adaptive_mismatch,76,1,16,1.0832126406,2,30,15,75,2,"[15,90]","[[""initial"",15],[""irrelevant"",75],[""useful"",30]]"
random_replay,76,1,16,1.0832126406,2,30,15,75,2,"[15,90]","[[""initial"",15],[""irrelevant"",75],[""useful"",30]]"
fixed_initial,77,0,,0.0000000000,9,0,120,0,0,[],"[[""initial"",120]]"
fixed_useful,77,1,8,1.0341445440,2,120,0,0,0,[],"[[""useful"",120]]"
mixed,77,1,12,0.4000361244,5,0,0,0,0,[],"[[""mixed"",120]]"
periodic,77,1,19,0.4441722813,4,45,45,30,7,"[15,30,45,60,75,90,105]","[[""initial"",15],[""useful"",15],[""irrelevant"",15],[""initial"",15],[""useful"",15],[""irrelevant"",15],[""initial"",15],[""useful"",15]]"
random_block,77,1,19,0.4585666230,4,60,45,15,7,"[15,30,45,60,75,90,105]","[[""initial"",15],[""useful"",15],[""irrelevant"",15],[""useful"",15],[""initial"",15],[""useful"",15],[""initial"",15],[""useful"",15]]"
adaptive_mismatch,77,1,19,1.0084974676,2,105,15,0,1,[15],"[[""initial"",15],[""useful"",105]]"
random_replay,77,1,19,1.0084974676,2,105,15,0,1,[15],"[[""initial"",15],[""useful"",105]]"
fixed_initial,78,0,,0.0000000000,9,0,120,0,0,[],"[[""initial"",120]]"
fixed_useful,78,1,8,1.0176028350,2,120,0,0,0,[],"[[""useful"",120]]"
mixed,78,1,14,0.3749091811,7,0,0,0,0,[],"[[""mixed"",120]]"
periodic,78,1,19,0.4318758671,4,45,45,30,7,"[15,30,45,60,75,90,105]","[[""initial"",15],[""useful"",15],[""irrelevant"",15],[""initial"",15],[""useful"",15],[""irrelevant"",15],[""initial"",15],[""useful"",15]]"
random_block,78,1,26,0.3646002166,7,30,45,45,7,"[15,30,45,60,75,90,105]","[[""initial"",15],[""irrelevant"",15],[""useful"",15],[""initial"",15],[""useful"",15],[""irrelevant"",15],[""initial"",15],[""irrelevant"",15]]"
adaptive_mismatch,78,1,19,0.9991405762,2,105,15,0,1,[15],"[[""initial"",15],[""useful"",105]]"
random_replay,78,1,19,0.9991405762,2,105,15,0,1,[15],"[[""initial"",15],[""useful"",105]]"
fixed_initial,79,0,,0.0000000000,9,0,120,0,0,[],"[[""initial"",120]]"
fixed_useful,79,1,7,1.1729312484,2,120,0,0,0,[],"[[""useful"",120]]"
mixed,79,1,13,0.3543767641,7,0,0,0,0,[],"[[""mixed"",120]]"
periodic,79,1,19,0.4558266162,4,45,45,30,7,"[15,30,45,60,75,90,105]","[[""initial"",15],[""useful"",15],[""irrelevant"",15],[""initial"",15],[""useful"",15],[""irrelevant"",15],[""initial"",15],[""useful"",15]]"
random_block,79,1,19,0.3664757883,6,30,60,30,7,"[15,30,45,60,75,90,105]","[[""initial"",15],[""useful"",15],[""irrelevant"",15],[""initial"",15],[""useful"",15],[""initial"",15],[""irrelevant"",15],[""initial"",15]]"
adaptive_mismatch,79,1,19,1.1465815102,2,105,15,0,1,[15],"[[""initial"",15],[""useful"",105]]"
random_replay,79,1,25,0.0171968849,9,0,15,105,1,[15],"[[""initial"",15],[""irrelevant"",105]]"
fixed_initial,80,0,,0.0000090439,6,0,120,0,0,[],"[[""initial"",120]]"
fixed_useful,80,1,7,1.1770348358,2,120,0,0,0,[],"[[""useful"",120]]"
mixed,80,1,10,0.4750772273,4,0,0,0,0,[],"[[""mixed"",120]]"
periodic,80,1,20,0.4342034958,5,30,45,45,7,"[15,30,45,60,75,90,105]","[[""initial"",15],[""irrelevant"",15],[""useful"",15],[""initial"",15],[""irrelevant"",15],[""useful"",15],[""initial"",15],[""irrelevant"",15]]"
random_block,80,1,20,0.7412404811,4,30,45,45,7,"[15,30,45,60,75,90,105]","[[""initial"",15],[""irrelevant"",15],[""useful"",15],[""irrelevant"",15],[""initial"",15],[""useful"",15],[""irrelevant"",15],[""initial"",15]]"
adaptive_mismatch,80,1,20,1.0055982663,2,75,15,30,2,"[15,45]","[[""initial"",15],[""irrelevant"",30],[""useful"",75]]"
random_replay,80,1,18,0.7084637922,5,30,15,75,2,"[15,45]","[[""initial"",15],[""useful"",30],[""irrelevant"",75]]"
fixed_initial,81,0,,0.0000000000,9,0,120,0,0,[],"[[""initial"",120]]"
fixed_useful,81,1,8,1.1359091105,2,120,0,0,0,[],"[[""useful"",120]]"
mixed,81,1,13,0.3811917408,4,0,0,0,0,[],"[[""mixed"",120]]"
periodic,81,1,18,0.5543283674,3,45,45,30,7,"[15,30,45,60,75,90,105]","[[""initial"",15],[""useful"",15],[""irrelevant"",15],[""initial"",15],[""useful"",15],[""irrelevant"",15],[""initial"",15],[""useful"",15]]"
random_block,81,1,46,0.6343669769,5,30,45,45,7,"[15,30,45,60,75,90,105]","[[""initial"",15],[""irrelevant"",15],[""initial"",15],[""useful"",15],[""irrelevant"",15],[""useful"",15],[""initial"",15],[""irrelevant"",15]]"
adaptive_mismatch,81,1,18,1.1124372432,2,105,15,0,1,[15],"[[""initial"",15],[""useful"",105]]"
random_replay,81,0,,0.0000000000,9,0,15,105,1,[15],"[[""initial"",15],[""irrelevant"",105]]"
fixed_initial,82,0,,0.0019710442,6,0,120,0,0,[],"[[""initial"",120]]"
fixed_useful,82,1,7,1.1772908847,2,120,0,0,0,[],"[[""useful"",120]]"
mixed,82,1,13,0.3992997679,7,0,0,0,0,[],"[[""mixed"",120]]"
periodic,82,1,18,0.5106541419,3,45,45,30,7,"[15,30,45,60,75,90,105]","[[""initial"",15],[""useful"",15],[""irrelevant"",15],[""initial"",15],[""useful"",15],[""irrelevant"",15],[""initial"",15],[""useful"",15]]"
random_block,82,1,31,0.5835900563,4,15,45,60,7,"[15,30,45,60,75,90,105]","[[""initial"",15],[""irrelevant"",15],[""initial"",15],[""irrelevant"",15],[""initial"",15],[""irrelevant"",15],[""useful"",15],[""irrelevant"",15]]"
adaptive_mismatch,82,1,18,1.1557331903,2,105,15,0,1,[15],"[[""initial"",15],[""useful"",105]]"
random_replay,82,0,,0.0000000000,9,0,15,105,1,[15],"[[""initial"",15],[""irrelevant"",105]]"
fixed_initial,83,0,,0.0000000000,9,0,120,0,0,[],"[[""initial"",120]]"
fixed_useful,83,1,7,1.1987363735,2,120,0,0,0,[],"[[""useful"",120]]"
mixed,83,1,13,0.3891043137,5,0,0,0,0,[],"[[""mixed"",120]]"
periodic,83,1,31,0.4144650864,8,30,45,45,7,"[15,30,45,60,75,90,105]","[[""initial"",15],[""irrelevant"",15],[""useful"",15],[""initial"",15],[""irrelevant"",15],[""useful"",15],[""initial"",15],[""irrelevant"",15]]"
random_block,83,1,19,0.5123211865,4,60,30,30,7,"[15,30,45,60,75,90,105]","[[""initial"",15],[""useful"",15],[""irrelevant"",15],[""useful"",15],[""irrelevant"",15],[""useful"",15],[""initial"",15],[""useful"",15]]"
adaptive_mismatch,83,1,47,1.0401417727,2,75,15,30,2,"[15,45]","[[""initial"",15],[""irrelevant"",30],[""useful"",75]]"
random_replay,83,1,19,0.4382475647,6,30,90,0,2,"[15,45]","[[""initial"",15],[""useful"",30],[""initial"",75]]"
fixed_initial,84,0,,0.0000000000,9,0,120,0,0,[],"[[""initial"",120]]"
fixed_useful,84,1,8,1.1776434418,2,120,0,0,0,[],"[[""useful"",120]]"
mixed,84,1,11,0.4589074847,4,0,0,0,0,[],"[[""mixed"",120]]"
periodic,84,1,16,0.7141407752,2,30,45,45,7,"[15,30,45,60,75,90,105]","[[""initial"",15],[""irrelevant"",15],[""useful"",15],[""initial"",15],[""irrelevant"",15],[""useful"",15],[""initial"",15],[""irrelevant"",15]]"
random_block,84,1,16,0.5977954746,2,30,45,45,7,"[15,30,45,60,75,90,105]","[[""initial"",15],[""irrelevant"",15],[""useful"",15],[""irrelevant"",15],[""initial"",15],[""irrelevant"",15],[""initial"",15],[""useful"",15]]"
adaptive_mismatch,84,1,16,0.8300181951,2,30,15,75,2,"[15,90]","[[""initial"",15],[""irrelevant"",75],[""useful"",30]]"
random_replay,84,1,18,0.9751763164,4,75,15,30,2,"[15,90]","[[""initial"",15],[""useful"",75],[""irrelevant"",30]]"
fixed_initial,85,0,,0.0000000000,9,0,120,0,0,[],"[[""initial"",120]]"
fixed_useful,85,1,7,1.1852472719,2,120,0,0,0,[],"[[""useful"",120]]"
mixed,85,1,13,0.3873623359,5,0,0,0,0,[],"[[""mixed"",120]]"
periodic,85,1,19,0.5007651283,4,45,45,30,7,"[15,30,45,60,75,90,105]","[[""initial"",15],[""useful"",15],[""irrelevant"",15],[""initial"",15],[""useful"",15],[""irrelevant"",15],[""initial"",15],[""useful"",15]]"
random_block,85,1,31,0.3460633466,8,15,45,60,7,"[15,30,45,60,75,90,105]","[[""initial"",15],[""irrelevant"",15],[""useful"",15],[""irrelevant"",15],[""initial"",15],[""irrelevant"",15],[""initial"",15],[""irrelevant"",15]]"
adaptive_mismatch,85,1,19,1.1562736257,2,105,15,0,1,[15],"[[""initial"",15],[""useful"",105]]"
random_replay,85,0,,0.0000000000,9,0,15,105,1,[15],"[[""initial"",15],[""irrelevant"",105]]"
fixed_initial,86,0,,0.0000000000,9,0,120,0,0,[],"[[""initial"",120]]"
fixed_useful,86,1,8,1.0253742975,2,120,0,0,0,[],"[[""useful"",120]]"
mixed,86,1,11,0.4523434731,4,0,0,0,0,[],"[[""mixed"",120]]"
periodic,86,1,18,0.4953161606,4,45,45,30,7,"[15,30,45,60,75,90,105]","[[""initial"",15],[""useful"",15],[""irrelevant"",15],[""initial"",15],[""useful"",15],[""irrelevant"",15],[""initial"",15],[""useful"",15]]"
random_block,86,1,18,0.6657857310,2,30,45,45,7,"[15,30,45,60,75,90,105]","[[""initial"",15],[""useful"",15],[""irrelevant"",15],[""initial"",15],[""irrelevant"",15],[""initial"",15],[""irrelevant"",15],[""useful"",15]]"
adaptive_mismatch,86,1,18,1.0010685676,2,105,15,0,1,[15],"[[""initial"",15],[""useful"",105]]"
random_replay,86,0,,0.0000000000,9,0,15,105,1,[15],"[[""initial"",15],[""irrelevant"",105]]"
fixed_initial,87,0,,0.0000000000,9,0,120,0,0,[],"[[""initial"",120]]"
fixed_useful,87,1,8,1.1608478151,2,120,0,0,0,[],"[[""useful"",120]]"
mixed,87,1,9,0.6014532564,3,0,0,0,0,[],"[[""mixed"",120]]"
periodic,87,1,16,0.8091340548,2,45,45,30,7,"[15,30,45,60,75,90,105]","[[""initial"",15],[""useful"",15],[""irrelevant"",15],[""initial"",15],[""useful"",15],[""irrelevant"",15],[""initial"",15],[""useful"",15]]"
random_block,87,1,16,0.7118474461,2,30,45,45,7,"[15,30,45,60,75,90,105]","[[""initial"",15],[""useful"",15],[""initial"",15],[""irrelevant"",15],[""useful"",15],[""irrelevant"",15],[""initial"",15],[""irrelevant"",15]]"
adaptive_mismatch,87,1,16,1.1570297048,2,105,15,0,1,[15],"[[""initial"",15],[""useful"",105]]"
random_replay,87,1,16,0.1559219188,9,0,15,105,1,[15],"[[""initial"",15],[""irrelevant"",105]]"
fixed_initial,88,0,,0.0000087052,6,0,120,0,0,[],"[[""initial"",120]]"
fixed_useful,88,1,8,1.1090994588,2,120,0,0,0,[],"[[""useful"",120]]"
mixed,88,1,13,0.3952480571,7,0,0,0,0,[],"[[""mixed"",120]]"
periodic,88,1,18,0.4820364327,3,45,45,30,7,"[15,30,45,60,75,90,105]","[[""initial"",15],[""useful"",15],[""irrelevant"",15],[""initial"",15],[""useful"",15],[""irrelevant"",15],[""initial"",15],[""useful"",15]]"
random_block,88,1,33,0.4638017690,4,30,30,60,7,"[15,30,45,60,75,90,105]","[[""initial"",15],[""irrelevant"",15],[""useful"",15],[""irrelevant"",15],[""initial"",15],[""irrelevant"",15],[""useful"",15],[""irrelevant"",15]]"
adaptive_mismatch,88,1,18,1.0945649643,2,105,15,0,1,[15],"[[""initial"",15],[""useful"",105]]"
random_replay,88,0,,0.0002597016,9,0,15,105,1,[15],"[[""initial"",15],[""irrelevant"",105]]"
fixed_initial,89,0,,0.0000000000,9,0,120,0,0,[],"[[""initial"",120]]"
fixed_useful,89,1,7,1.2785147298,2,120,0,0,0,[],"[[""useful"",120]]"
mixed,89,1,12,0.4194465769,7,0,0,0,0,[],"[[""mixed"",120]]"
periodic,89,1,32,0.4547707206,7,30,45,45,7,"[15,30,45,60,75,90,105]","[[""initial"",15],[""irrelevant"",15],[""useful"",15],[""initial"",15],[""irrelevant"",15],[""useful"",15],[""initial"",15],[""irrelevant"",15]]"
random_block,89,1,31,0.3871543162,6,15,60,45,7,"[15,30,45,60,75,90,105]","[[""initial"",15],[""irrelevant"",15],[""initial"",15],[""irrelevant"",15],[""useful"",15],[""initial"",15],[""irrelevant"",15],[""initial"",15]]"
adaptive_mismatch,89,1,32,1.1943839756,2,90,15,15,2,"[15,30]","[[""initial"",15],[""irrelevant"",15],[""useful"",90]]"
random_replay,89,1,17,0.2104756977,9,15,105,0,2,"[15,30]","[[""initial"",15],[""useful"",15],[""initial"",90]]"
fixed_initial,90,0,,0.0001477979,6,0,120,0,0,[],"[[""initial"",120]]"
fixed_useful,90,1,8,1.1138583677,2,120,0,0,0,[],"[[""useful"",120]]"
mixed,90,1,11,0.4398596206,5,0,0,0,0,[],"[[""mixed"",120]]"
periodic,90,1,33,0.3866545947,8,30,45,45,7,"[15,30,45,60,75,90,105]","[[""initial"",15],[""irrelevant"",15],[""useful"",15],[""initial"",15],[""irrelevant"",15],[""useful"",15],[""initial"",15],[""irrelevant"",15]]"
random_block,90,1,18,0.5001445668,3,45,60,15,7,"[15,30,45,60,75,90,105]","[[""initial"",15],[""useful"",15],[""initial"",15],[""irrelevant"",15],[""initial"",15],[""useful"",15],[""initial"",15],[""useful"",15]]"
adaptive_mismatch,90,1,33,1.0312547800,2,90,15,15,2,"[15,30]","[[""initial"",15],[""irrelevant"",15],[""useful"",90]]"
random_replay,90,1,31,0.1349308893,6,0,105,15,2,"[15,30]","[[""initial"",15],[""irrelevant"",15],[""initial"",90]]"
fixed_initial,91,0,,0.0018156661,6,0,120,0,0,[],"[[""initial"",120]]"
fixed_useful,91,1,8,1.1770419823,2,120,0,0,0,[],"[[""useful"",120]]"
mixed,91,1,10,0.5250306178,4,0,0,0,0,[],"[[""mixed"",120]]"
periodic,91,1,19,0.4792597535,3,45,45,30,7,"[15,30,45,60,75,90,105]","[[""initial"",15],[""useful"",15],[""irrelevant"",15],[""initial"",15],[""useful"",15],[""irrelevant"",15],[""initial"",15],[""useful"",15]]"
random_block,91,1,19,0.6764850450,2,30,60,30,7,"[15,30,45,60,75,90,105]","[[""initial"",15],[""useful"",15],[""initial"",15],[""useful"",15],[""initial"",15],[""irrelevant"",15],[""initial"",15],[""irrelevant"",15]]"
adaptive_mismatch,91,1,19,1.1475433455,2,105,15,0,1,[15],"[[""initial"",15],[""useful"",105]]"
random_replay,91,1,19,1.1475433455,2,105,15,0,1,[15],"[[""initial"",15],[""useful"",105]]"
fixed_initial,92,0,,0.0003495448,6,0,120,0,0,[],"[[""initial"",120]]"
fixed_useful,92,1,8,1.1609547489,2,120,0,0,0,[],"[[""useful"",120]]"
mixed,92,1,10,0.4993306882,4,0,0,0,0,[],"[[""mixed"",120]]"
periodic,92,1,18,0.5537543133,3,45,45,30,7,"[15,30,45,60,75,90,105]","[[""initial"",15],[""useful"",15],[""irrelevant"",15],[""initial"",15],[""useful"",15],[""irrelevant"",15],[""initial"",15],[""useful"",15]]"
random_block,92,1,18,0.7064827825,3,45,45,30,7,"[15,30,45,60,75,90,105]","[[""initial"",15],[""useful"",15],[""initial"",15],[""useful"",15],[""initial"",15],[""irrelevant"",15],[""useful"",15],[""irrelevant"",15]]"
adaptive_mismatch,92,1,18,1.1374932962,2,105,15,0,1,[15],"[[""initial"",15],[""useful"",105]]"
random_replay,92,1,16,0.1713586706,9,0,15,105,1,[15],"[[""initial"",15],[""irrelevant"",105]]"
fixed_initial,93,0,,0.0000000000,9,0,120,0,0,[],"[[""initial"",120]]"
fixed_useful,93,1,8,1.0847258047,2,120,0,0,0,[],"[[""useful"",120]]"
mixed,93,1,11,0.4310893879,3,0,0,0,0,[],"[[""mixed"",120]]"
periodic,93,1,31,0.6542627072,5,30,45,45,7,"[15,30,45,60,75,90,105]","[[""initial"",15],[""irrelevant"",15],[""useful"",15],[""initial"",15],[""irrelevant"",15],[""useful"",15],[""initial"",15],[""irrelevant"",15]]"
random_block,93,1,16,0.7609821204,2,60,30,30,7,"[15,30,45,60,75,90,105]","[[""initial"",15],[""useful"",15],[""irrelevant"",15],[""useful"",15],[""initial"",15],[""useful"",15],[""irrelevant"",15],[""useful"",15]]"
adaptive_mismatch,93,1,31,1.0639040827,2,90,15,15,2,"[15,30]","[[""initial"",15],[""irrelevant"",15],[""useful"",90]]"
random_replay,93,1,31,1.0639040827,2,90,15,15,2,"[15,30]","[[""initial"",15],[""irrelevant"",15],[""useful"",90]]"
fixed_initial,94,0,,0.0000000000,9,0,120,0,0,[],"[[""initial"",120]]"
fixed_useful,94,1,8,1.0526941412,2,120,0,0,0,[],"[[""useful"",120]]"
mixed,94,1,17,0.3376470926,5,0,0,0,0,[],"[[""mixed"",120]]"
periodic,94,1,18,0.4604686487,3,45,45,30,7,"[15,30,45,60,75,90,105]","[[""initial"",15],[""useful"",15],[""irrelevant"",15],[""initial"",15],[""useful"",15],[""irrelevant"",15],[""initial"",15],[""useful"",15]]"
random_block,94,1,18,0.4163384900,4,45,30,45,7,"[15,30,45,60,75,90,105]","[[""initial"",15],[""irrelevant"",15],[""useful"",15],[""irrelevant"",15],[""initial"",15],[""useful"",15],[""irrelevant"",15],[""useful"",15]]"
adaptive_mismatch,94,1,18,1.0280492984,2,105,15,0,1,[15],"[[""initial"",15],[""useful"",105]]"
random_replay,94,1,18,1.0280492984,2,105,15,0,1,[15],"[[""initial"",15],[""useful"",105]]"
fixed_initial,95,0,,0.0000000000,9,0,120,0,0,[],"[[""initial"",120]]"
fixed_useful,95,1,8,1.1161123835,2,120,0,0,0,[],"[[""useful"",120]]"
mixed,95,1,11,0.4254388583,4,0,0,0,0,[],"[[""mixed"",120]]"
periodic,95,1,16,0.6530708193,2,45,45,30,7,"[15,30,45,60,75,90,105]","[[""initial"",15],[""useful"",15],[""irrelevant"",15],[""initial"",15],[""useful"",15],[""irrelevant"",15],[""initial"",15],[""useful"",15]]"
random_block,95,1,31,0.5051116173,6,30,30,60,7,"[15,30,45,60,75,90,105]","[[""initial"",15],[""irrelevant"",15],[""useful"",15],[""irrelevant"",15],[""initial"",15],[""irrelevant"",15],[""useful"",15],[""irrelevant"",15]]"
adaptive_mismatch,95,1,16,1.1057838284,2,105,15,0,1,[15],"[[""initial"",15],[""useful"",105]]"
random_replay,95,1,16,1.1057838284,2,105,15,0,1,[15],"[[""initial"",15],[""useful"",105]]"
fixed_initial,96,0,,0.0000000000,9,0,120,0,0,[],"[[""initial"",120]]"
fixed_useful,96,1,7,1.2433465627,2,120,0,0,0,[],"[[""useful"",120]]"
mixed,96,1,11,0.4479764075,5,0,0,0,0,[],"[[""mixed"",120]]"
periodic,96,1,19,0.4946461669,3,45,45,30,7,"[15,30,45,60,75,90,105]","[[""initial"",15],[""useful"",15],[""irrelevant"",15],[""initial"",15],[""useful"",15],[""irrelevant"",15],[""initial"",15],[""useful"",15]]"
random_block,96,1,16,0.6048382006,2,45,45,30,7,"[15,30,45,60,75,90,105]","[[""initial"",15],[""irrelevant"",15],[""initial"",15],[""useful"",15],[""irrelevant"",15],[""useful"",15],[""initial"",15],[""useful"",15]]"
adaptive_mismatch,96,1,19,1.2157035124,2,105,15,0,1,[15],"[[""initial"",15],[""useful"",105]]"
random_replay,96,1,19,1.2157035124,2,105,15,0,1,[15],"[[""initial"",15],[""useful"",105]]"
fixed_initial,97,0,,0.0003277112,6,0,120,0,0,[],"[[""initial"",120]]"
fixed_useful,97,1,7,1.2256101428,2,120,0,0,0,[],"[[""useful"",120]]"
mixed,97,1,11,0.4211172679,4,0,0,0,0,[],"[[""mixed"",120]]"
periodic,97,1,19,0.4931601836,3,45,45,30,7,"[15,30,45,60,75,90,105]","[[""initial"",15],[""useful"",15],[""irrelevant"",15],[""initial"",15],[""useful"",15],[""irrelevant"",15],[""initial"",15],[""useful"",15]]"
random_block,97,1,19,0.5531168290,5,45,45,30,7,"[15,30,45,60,75,90,105]","[[""initial"",15],[""useful"",15],[""irrelevant"",15],[""useful"",15],[""initial"",15],[""useful"",15],[""initial"",15],[""irrelevant"",15]]"
adaptive_mismatch,97,1,19,1.2010442621,2,105,15,0,1,[15],"[[""initial"",15],[""useful"",105]]"
random_replay,97,1,16,0.0667781469,9,0,15,105,1,[15],"[[""initial"",15],[""irrelevant"",105]]"
fixed_initial,98,0,,0.0000000000,9,0,120,0,0,[],"[[""initial"",120]]"
fixed_useful,98,1,7,1.2429910532,2,120,0,0,0,[],"[[""useful"",120]]"
mixed,98,1,12,0.4220295783,6,0,0,0,0,[],"[[""mixed"",120]]"
periodic,98,1,19,0.5467726326,3,45,45,30,7,"[15,30,45,60,75,90,105]","[[""initial"",15],[""useful"",15],[""irrelevant"",15],[""initial"",15],[""useful"",15],[""irrelevant"",15],[""initial"",15],[""useful"",15]]"
random_block,98,1,19,0.4629992971,7,30,30,60,7,"[15,30,45,60,75,90,105]","[[""initial"",15],[""irrelevant"",15],[""initial"",15],[""irrelevant"",15],[""useful"",15],[""irrelevant"",15],[""useful"",15],[""irrelevant"",15]]"
adaptive_mismatch,98,1,19,1.2117022433,2,105,15,0,1,[15],"[[""initial"",15],[""useful"",105]]"
random_replay,98,1,19,0.0256384294,9,0,15,105,1,[15],"[[""initial"",15],[""irrelevant"",105]]"
fixed_initial,99,0,,0.0000000000,9,0,120,0,0,[],"[[""initial"",120]]"
fixed_useful,99,1,8,1.0921261399,2,120,0,0,0,[],"[[""useful"",120]]"
mixed,99,1,13,0.4034336310,5,0,0,0,0,[],"[[""mixed"",120]]"
periodic,99,1,31,0.4422330257,8,30,45,45,7,"[15,30,45,60,75,90,105]","[[""initial"",15],[""irrelevant"",15],[""useful"",15],[""initial"",15],[""irrelevant"",15],[""useful"",15],[""initial"",15],[""irrelevant"",15]]"
random_block,99,1,31,0.4719941441,4,30,45,45,7,"[15,30,45,60,75,90,105]","[[""initial"",15],[""irrelevant"",15],[""useful"",15],[""irrelevant"",15],[""initial"",15],[""irrelevant"",15],[""useful"",15],[""initial"",15]]"
adaptive_mismatch,99,1,61,0.9026643809,2,60,15,45,2,"[15,60]","[[""initial"",15],[""irrelevant"",45],[""useful"",60]]"
random_replay,99,1,61,0.1852737748,8,0,75,45,2,"[15,60]","[[""initial"",15],[""irrelevant"",45],[""initial"",60]]"
