topology,propagation_rule,evaluation_threshold,decision_block_steps,n,success_rate,mean_peak_goal_activation,mean_useful_dwell_steps,mean_switch_count
branched_path,source_normalized,0.0005,1,150,0.9867,0.50029293,89.387,8.087
branched_path,source_normalized,0.0005,2,150,1.0000,0.57809216,102.320,3.940
branched_path,source_normalized,0.0005,3,150,1.0000,0.60199467,114.060,1.480
branched_path,source_normalized,0.0005,4,150,1.0000,0.59973224,111.547,1.480
branched_path,source_normalized,0.0005,5,150,1.0000,0.59710203,109.233,1.480
branched_path,source_normalized,0.0005,7,150,1.0000,0.59122615,104.973,1.480
branched_path,source_normalized,0.0005,10,150,1.0000,0.58055651,98.733,1.480
branched_path,source_normalized,0.0005,15,150,1.0000,0.54994150,86.700,1.480
branched_path,source_normalized,0.0005,20,150,1.0000,0.50847765,76.533,1.433
branched_path,source_normalized,0.0005,30,150,0.9733,0.43381453,60.400,1.253
branched_path,source_normalized,0.0005,40,150,0.9933,0.39129392,49.333,1.193
branched_path,source_normalized,0.0005,60,150,0.8000,0.30423066,31.200,1.000
branched_path,source_normalized,0.001,1,150,0.9867,0.48445112,83.567,10.113
branched_path,source_normalized,0.001,2,150,1.0000,0.57550931,101.533,4.207
branched_path,source_normalized,0.001,3,150,1.0000,0.59317417,109.760,2.267
branched_path,source_normalized,0.001,4,150,1.0000,0.59951075,111.120,1.547
branched_path,source_normalized,0.001,5,150,1.0000,0.59683804,108.667,1.547
branched_path,source_normalized,0.001,7,150,1.0000,0.58991528,103.807,1.547
branched_path,source_normalized,0.001,10,150,1.0000,0.57927114,97.733,1.547
branched_path,source_normalized,0.001,15,150,1.0000,0.54423491,84.400,1.547
branched_path,source_normalized,0.001,20,150,1.0000,0.49533193,72.800,1.500
branched_path,source_normalized,0.001,30,150,0.9800,0.41117764,55.600,1.273
branched_path,source_normalized,0.001,40,150,0.9933,0.36866788,44.800,1.213
branched_path,source_normalized,0.001,60,150,0.7800,0.27340432,27.200,1.000
branched_path,source_normalized,0.002,1,150,0.9867,0.49519329,85.240,12.027
branched_path,source_normalized,0.002,2,150,1.0000,0.53061743,92.453,5.727
branched_path,source_normalized,0.002,3,150,1.0000,0.56709781,98.800,3.720
branched_path,source_normalized,0.002,4,150,1.0000,0.59970920,111.760,1.620
branched_path,source_normalized,0.002,5,150,1.0000,0.59766555,109.167,1.540
branched_path,source_normalized,0.002,7,150,1.0000,0.59195781,104.693,1.540
branched_path,source_normalized,0.002,10,150,1.0000,0.58092111,98.333,1.540
branched_path,source_normalized,0.002,15,150,1.0000,0.54789090,86.100,1.540
branched_path,source_normalized,0.002,20,150,1.0000,0.50103614,74.667,1.513
branched_path,source_normalized,0.002,30,150,0.9800,0.41387433,57.000,1.287
branched_path,source_normalized,0.002,40,150,1.0000,0.37738127,46.133,1.233
branched_path,source_normalized,0.002,60,150,0.7667,0.27217513,27.600,1.000
branched_path,source_normalized,0.005,1,150,1.0000,0.50686553,86.040,15.207
branched_path,source_normalized,0.005,2,150,1.0000,0.53881866,93.107,7.467
branched_path,source_normalized,0.005,3,150,1.0000,0.55985387,96.780,4.553
branched_path,source_normalized,0.005,4,150,1.0000,0.55862532,95.493,3.647
branched_path,source_normalized,0.005,5,150,1.0000,0.58350625,104.867,2.193
branched_path,source_normalized,0.005,7,150,1.0000,0.59389077,105.393,1.553
branched_path,source_normalized,0.005,10,150,1.0000,0.58165989,98.000,1.553
branched_path,source_normalized,0.005,15,150,1.0000,0.55576200,87.200,1.553
branched_path,source_normalized,0.005,20,150,1.0000,0.51321080,75.333,1.553
branched_path,source_normalized,0.005,30,150,0.9800,0.41272679,55.400,1.293
branched_path,source_normalized,0.005,40,150,1.0000,0.36387719,44.267,1.213
branched_path,source_normalized,0.005,60,150,0.7867,0.26972286,26.800,1.000
branched_path,source_normalized,0.01,1,150,1.0000,0.49906081,84.507,20.360
branched_path,source_normalized,0.01,2,150,1.0000,0.49906370,84.733,10.087
branched_path,source_normalized,0.01,3,150,1.0000,0.53256916,90.640,6.367
branched_path,source_normalized,0.01,4,150,1.0000,0.55201345,94.187,4.647
branched_path,source_normalized,0.01,5,150,1.0000,0.54917540,92.467,3.980
branched_path,source_normalized,0.01,7,150,1.0000,0.59328784,106.793,1.607
branched_path,source_normalized,0.01,10,150,1.0000,0.58151058,99.600,1.507
branched_path,source_normalized,0.01,15,150,1.0000,0.55473879,89.400,1.507
branched_path,source_normalized,0.01,20,150,1.0000,0.51676120,79.600,1.507
branched_path,source_normalized,0.01,30,150,1.0000,0.44326480,61.400,1.300
branched_path,source_normalized,0.01,40,150,1.0000,0.39183246,48.533,1.227
branched_path,source_normalized,0.01,60,150,0.7733,0.29563157,29.600,1.000
branched_path,source_normalized,0.02,1,150,1.0000,0.48845072,80.053,27.700
branched_path,source_normalized,0.02,2,150,1.0000,0.49753835,82.867,13.753
branched_path,source_normalized,0.02,3,150,1.0000,0.48456982,79.540,8.973
branched_path,source_normalized,0.02,4,150,1.0000,0.52530707,87.707,6.273
branched_path,source_normalized,0.02,5,150,1.0000,0.55040701,91.467,4.947
branched_path,source_normalized,0.02,7,150,1.0000,0.54132012,90.780,3.353
branched_path,source_normalized,0.02,10,150,1.0000,0.59223042,103.400,1.540
branched_path,source_normalized,0.02,15,150,1.0000,0.56845344,91.300,1.540
branched_path,source_normalized,0.02,20,150,1.0000,0.53826778,81.467,1.540
branched_path,source_normalized,0.02,30,150,1.0000,0.46034702,62.800,1.367
branched_path,source_normalized,0.02,40,150,1.0000,0.39385725,48.000,1.280
branched_path,source_normalized,0.02,60,150,0.7667,0.27281232,27.600,1.000
branched_path,source_normalized,0.04,1,150,1.0000,0.45074647,71.493,40.673
branched_path,source_normalized,0.04,2,150,1.0000,0.43320729,69.733,20.293
branched_path,source_normalized,0.04,3,150,1.0000,0.47122132,76.120,12.933
branched_path,source_normalized,0.04,4,150,1.0000,0.49406049,79.173,9.427
branched_path,source_normalized,0.04,5,150,1.0000,0.50707586,82.533,7.313
branched_path,source_normalized,0.04,7,150,1.0000,0.52438859,84.367,4.967
branched_path,source_normalized,0.04,10,150,1.0000,0.53346108,87.733,3.053
branched_path,source_normalized,0.04,15,150,1.0000,0.58102039,96.800,1.460
branched_path,source_normalized,0.04,20,150,1.0000,0.55884612,87.200,1.460
branched_path,source_normalized,0.04,30,150,1.0000,0.49342333,69.200,1.347
branched_path,source_normalized,0.04,40,150,1.0000,0.45217759,56.533,1.333
branched_path,source_normalized,0.04,60,150,0.7733,0.30296838,32.400,1.000
branched_path,symmetric_normalized,0.0005,1,150,0.9533,0.37616774,81.913,9.760
branched_path,symmetric_normalized,0.0005,2,150,1.0000,0.46680790,102.547,4.140
branched_path,symmetric_normalized,0.0005,3,150,1.0000,0.48662731,114.820,1.480
branched_path,symmetric_normalized,0.0005,4,150,1.0000,0.48478247,112.000,1.480
branched_path,symmetric_normalized,0.0005,5,150,1.0000,0.48303431,109.867,1.480
branched_path,symmetric_normalized,0.0005,7,150,1.0000,0.47876535,105.673,1.480
branched_path,symmetric_normalized,0.0005,10,150,1.0000,0.47055348,99.667,1.480
branched_path,symmetric_normalized,0.0005,15,150,1.0000,0.45030311,88.900,1.480
branched_path,symmetric_normalized,0.0005,20,150,1.0000,0.41833582,77.600,1.480
branched_path,symmetric_normalized,0.0005,30,150,0.9667,0.35151638,60.800,1.267
branched_path,symmetric_normalized,0.0005,40,150,0.9867,0.31566226,49.600,1.200
branched_path,symmetric_normalized,0.0005,60,150,0.8000,0.24154555,31.200,1.000
branched_path,symmetric_normalized,0.001,1,150,0.9533,0.38083256,82.427,11.600
branched_path,symmetric_normalized,0.001,2,150,1.0000,0.44427208,96.427,4.947
branched_path,symmetric_normalized,0.001,3,150,1.0000,0.47934614,109.600,2.547
branched_path,symmetric_normalized,0.001,4,150,1.0000,0.48484211,111.973,1.547
branched_path,symmetric_normalized,0.001,5,150,1.0000,0.48259007,109.233,1.547
branched_path,symmetric_normalized,0.001,7,150,1.0000,0.47786405,104.740,1.547
branched_path,symmetric_normalized,0.001,10,150,1.0000,0.46875764,98.267,1.547
branched_path,symmetric_normalized,0.001,15,150,1.0000,0.44622085,86.900,1.547
branched_path,symmetric_normalized,0.001,20,150,1.0000,0.40862081,74.400,1.547
branched_path,symmetric_normalized,0.001,30,150,0.9667,0.33344885,56.200,1.293
branched_path,symmetric_normalized,0.001,40,150,0.9867,0.29524198,45.067,1.220
branched_path,symmetric_normalized,0.001,60,150,0.7800,0.21498319,27.200,1.000
branched_path,symmetric_normalized,0.002,1,150,0.9667,0.39472617,85.880,13.653
branched_path,symmetric_normalized,0.002,2,150,1.0000,0.42482620,92.493,6.227
branched_path,symmetric_normalized,0.002,3,150,1.0000,0.45775686,98.300,4.080
branched_path,symmetric_normalized,0.002,4,150,1.0000,0.47580607,108.000,2.280
branched_path,symmetric_normalized,0.002,5,150,1.0000,0.48368358,110.200,1.540
branched_path,symmetric_normalized,0.002,7,150,1.0000,0.47895862,105.393,1.540
branched_path,symmetric_normalized,0.002,10,150,1.0000,0.47057017,99.067,1.540
branched_path,symmetric_normalized,0.002,15,150,1.0000,0.45129195,88.600,1.540
branched_path,symmetric_normalized,0.002,20,150,1.0000,0.41496207,76.933,1.540
branched_path,symmetric_normalized,0.002,30,150,0.9733,0.33763533,57.600,1.307
branched_path,symmetric_normalized,0.002,40,150,0.9800,0.30164508,46.133,1.233
branched_path,symmetric_normalized,0.002,60,150,0.7667,0.21568568,27.600,1.000
branched_path,symmetric_normalized,0.005,1,150,1.0000,0.38809661,82.240,18.240
branched_path,symmetric_normalized,0.005,2,150,1.0000,0.39736890,83.800,8.927
branched_path,symmetric_normalized,0.005,3,150,1.0000,0.45049136,95.100,5.560
branched_path,symmetric_normalized,0.005,4,150,1.0000,0.44201599,93.093,4.007
branched_path,symmetric_normalized,0.005,5,150,1.0000,0.46968657,103.833,2.533
branched_path,symmetric_normalized,0.005,7,150,1.0000,0.48157206,107.120,1.553
branched_path,symmetric_normalized,0.005,10,150,1.0000,0.47267565,99.400,1.553
branched_path,symmetric_normalized,0.005,15,150,1.0000,0.45373724,88.800,1.553
branched_path,symmetric_normalized,0.005,20,150,1.0000,0.42125582,77.200,1.553
branched_path,symmetric_normalized,0.005,30,150,0.9933,0.33782953,56.400,1.313
branched_path,symmetric_normalized,0.005,40,150,0.9733,0.29182843,44.267,1.213
branched_path,symmetric_normalized,0.005,60,150,0.7867,0.21549543,26.800,1.000
branched_path,symmetric_normalized,0.01,1,150,1.0000,0.38967878,80.933,23.973
branched_path,symmetric_normalized,0.01,2,150,1.0000,0.39753683,83.107,11.780
branched_path,symmetric_normalized,0.01,3,150,1.0000,0.42482984,89.140,7.300
branched_path,symmetric_normalized,0.01,4,150,1.0000,0.44799667,94.933,5.160
branched_path,symmetric_normalized,0.01,5,150,1.0000,0.43391515,89.633,4.287
branched_path,symmetric_normalized,0.01,7,150,1.0000,0.46826820,102.353,2.280
branched_path,symmetric_normalized,0.01,10,150,1.0000,0.47327274,101.333,1.507
branched_path,symmetric_normalized,0.01,15,150,1.0000,0.45084362,90.100,1.507
branched_path,symmetric_normalized,0.01,20,150,1.0000,0.41926193,80.000,1.507
branched_path,symmetric_normalized,0.01,30,150,1.0000,0.36443103,63.000,1.320
branched_path,symmetric_normalized,0.01,40,150,1.0000,0.31995360,49.600,1.253
branched_path,symmetric_normalized,0.01,60,150,0.7733,0.23318153,29.600,1.000
branched_path,symmetric_normalized,0.02,1,150,1.0000,0.37423298,75.653,32.847
branched_path,symmetric_normalized,0.02,2,150,1.0000,0.38711657,79.200,16.020
branched_path,symmetric_normalized,0.02,3,150,1.0000,0.39229164,80.420,10.527
branched_path,symmetric_normalized,0.02,4,150,1.0000,0.41580399,85.600,7.320
branched_path,symmetric_normalized,0.02,5,150,1.0000,0.43670747,90.467,5.620
branched_path,symmetric_normalized,0.02,7,150,1.0000,0.42710272,85.540,4.020
branched_path,symmetric_normalized,0.02,10,150,1.0000,0.47298703,102.333,1.720
branched_path,symmetric_normalized,0.02,15,150,1.0000,0.46448585,93.600,1.540
branched_path,symmetric_normalized,0.02,20,150,1.0000,0.43929981,82.400,1.540
branched_path,symmetric_normalized,0.02,30,150,1.0000,0.37610829,63.800,1.380
branched_path,symmetric_normalized,0.02,40,150,1.0000,0.33228745,50.133,1.333
branched_path,symmetric_normalized,0.02,60,150,0.7667,0.21563342,27.600,1.000
branched_path,symmetric_normalized,0.04,1,150,1.0000,0.34654953,68.360,48.300
branched_path,symmetric_normalized,0.04,2,150,1.0000,0.34852533,69.920,23.840
branched_path,symmetric_normalized,0.04,3,150,1.0000,0.36838212,73.700,15.280
branched_path,symmetric_normalized,0.04,4,150,1.0000,0.38295804,76.853,11.180
branched_path,symmetric_normalized,0.04,5,150,1.0000,0.38924015,77.667,8.600
branched_path,symmetric_normalized,0.04,7,150,1.0000,0.42623642,85.267,5.640
branched_path,symmetric_normalized,0.04,10,150,1.0000,0.40797413,79.467,3.913
branched_path,symmetric_normalized,0.04,15,150,1.0000,0.46960555,97.400,1.500
branched_path,symmetric_normalized,0.04,20,150,1.0000,0.45748970,89.467,1.460
branched_path,symmetric_normalized,0.04,30,150,1.0000,0.39894852,69.600,1.360
branched_path,symmetric_normalized,0.04,40,150,1.0000,0.36467721,56.800,1.340
branched_path,symmetric_normalized,0.04,60,150,0.7733,0.24048506,32.400,1.000
path,source_normalized,0.0005,1,150,1.0000,0.91702020,80.060,6.173
path,source_normalized,0.0005,2,150,1.0000,1.14620188,115.920,1.500
path,source_normalized,0.0005,3,150,1.0000,1.14160669,113.080,1.480
path,source_normalized,0.0005,4,150,1.0000,1.13676349,110.693,1.480
path,source_normalized,0.0005,5,150,1.0000,1.13108489,108.300,1.480
path,source_normalized,0.0005,7,150,1.0000,1.11533133,102.453,1.480
path,source_normalized,0.0005,10,150,1.0000,1.08955219,94.933,1.480
path,source_normalized,0.0005,15,150,1.0000,1.03555610,83.900,1.480
path,source_normalized,0.0005,20,150,1.0000,0.94023793,72.533,1.373
path,source_normalized,0.0005,30,150,0.9800,0.78101459,56.600,1.173
path,source_normalized,0.0005,40,150,0.9800,0.73921924,47.200,1.140
path,source_normalized,0.0005,60,150,0.8667,0.61710632,31.200,1.000
path,source_normalized,0.001,1,150,1.0000,0.97513966,86.720,6.500
path,source_normalized,0.001,2,150,1.0000,1.12635500,109.813,2.527
path,source_normalized,0.001,3,150,1.0000,1.14082664,112.560,1.547
path,source_normalized,0.001,4,150,1.0000,1.13547602,110.000,1.547
path,source_normalized,0.001,5,150,1.0000,1.12895057,107.433,1.547
path,source_normalized,0.001,7,150,1.0000,1.11275962,101.567,1.547
path,source_normalized,0.001,10,150,1.0000,1.08030210,92.667,1.547
path,source_normalized,0.001,15,150,1.0000,1.01705921,80.600,1.547
path,source_normalized,0.001,20,150,1.0000,0.90474012,67.867,1.427
path,source_normalized,0.001,30,150,0.9867,0.72749726,50.800,1.180
path,source_normalized,0.001,40,150,0.9867,0.68286309,41.867,1.140
path,source_normalized,0.001,60,150,0.8733,0.56542019,27.200,1.000
path,source_normalized,0.002,1,150,1.0000,0.96946322,84.787,7.873
path,source_normalized,0.002,2,150,1.0000,1.06873139,97.893,3.960
path,source_normalized,0.002,3,150,1.0000,1.14248696,113.340,1.540
path,source_normalized,0.002,4,150,1.0000,1.13666767,110.320,1.540
path,source_normalized,0.002,5,150,1.0000,1.13035971,107.767,1.540
path,source_normalized,0.002,7,150,1.0000,1.11713948,102.827,1.540
path,source_normalized,0.002,10,150,1.0000,1.08453387,93.933,1.540
path,source_normalized,0.002,15,150,1.0000,1.02268963,81.900,1.540
path,source_normalized,0.002,20,150,1.0000,0.91173893,69.467,1.427
path,source_normalized,0.002,30,150,0.9867,0.74649121,52.400,1.207
path,source_normalized,0.002,40,150,0.9867,0.68665715,42.667,1.147
path,source_normalized,0.002,60,150,0.8667,0.56394497,27.600,1.000
path,source_normalized,0.005,1,150,1.0000,0.96204684,84.933,9.733
path,source_normalized,0.005,2,150,1.0000,1.03323296,93.013,4.820
path,source_normalized,0.005,3,150,1.0000,1.09303926,104.520,2.620
path,source_normalized,0.005,4,150,1.0000,1.13983735,111.413,1.553
path,source_normalized,0.005,5,150,1.0000,1.13310888,108.167,1.553
path,source_normalized,0.005,7,150,1.0000,1.12051754,103.293,1.553
path,source_normalized,0.005,10,150,1.0000,1.08978116,94.067,1.553
path,source_normalized,0.005,15,150,1.0000,1.02812636,80.800,1.553
path,source_normalized,0.005,20,150,1.0000,0.91565869,68.000,1.453
path,source_normalized,0.005,30,150,1.0000,0.74417852,51.800,1.213
path,source_normalized,0.005,40,150,1.0000,0.68397152,41.600,1.147
path,source_normalized,0.005,60,150,0.8667,0.56345590,26.800,1.000
path,source_normalized,0.01,1,150,1.0000,0.90884005,80.580,12.393
path,source_normalized,0.01,2,150,1.0000,1.01016271,92.213,5.947
path,source_normalized,0.01,3,150,1.0000,1.02390070,90.960,4.180
path,source_normalized,0.01,4,150,1.0000,1.08178843,100.560,2.513
path,source_normalized,0.01,5,150,1.0000,1.13155928,108.900,1.507
path,source_normalized,0.01,7,150,1.0000,1.11536279,103.667,1.507
path,source_normalized,0.01,10,150,1.0000,1.08504385,96.200,1.507
path,source_normalized,0.01,15,150,1.0000,1.02133303,83.900,1.507
path,source_normalized,0.01,20,150,1.0000,0.92835552,72.667,1.407
path,source_normalized,0.01,30,150,1.0000,0.79182895,56.200,1.207
path,source_normalized,0.01,40,150,1.0000,0.72246612,45.067,1.140
path,source_normalized,0.01,60,150,0.8867,0.60961086,29.600,1.000
path,source_normalized,0.02,1,150,1.0000,0.92537933,80.713,15.640
path,source_normalized,0.02,2,150,1.0000,1.00535086,90.147,7.520
path,source_normalized,0.02,3,150,1.0000,1.06324073,94.780,5.040
path,source_normalized,0.02,4,150,1.0000,0.98918744,86.027,3.933
path,source_normalized,0.02,5,150,1.0000,1.05999066,98.433,2.487
path,source_normalized,0.02,7,150,1.0000,1.12813639,106.233,1.540
path,source_normalized,0.02,10,150,1.0000,1.10651239,99.133,1.540
path,source_normalized,0.02,15,150,1.0000,1.05445385,86.600,1.540
path,source_normalized,0.02,20,150,1.0000,0.97633927,73.867,1.527
path,source_normalized,0.02,30,150,1.0000,0.80006410,56.200,1.260
path,source_normalized,0.02,40,150,1.0000,0.71371056,44.267,1.187
path,source_normalized,0.02,60,150,0.8600,0.55917643,27.600,1.000
path,source_normalized,0.04,1,150,1.0000,0.89675148,76.847,20.880
path,source_normalized,0.04,2,150,1.0000,0.95104917,81.827,10.347
path,source_normalized,0.04,3,150,1.0000,0.98850892,86.740,6.727
path,source_normalized,0.04,4,150,1.0000,1.02626140,89.573,5.080
path,source_normalized,0.04,5,150,1.0000,1.00303639,86.967,4.060
path,source_normalized,0.04,7,150,1.0000,1.06595432,96.227,2.420
path,source_normalized,0.04,10,150,1.0000,1.11538525,102.200,1.460
path,source_normalized,0.04,15,150,1.0000,1.07675629,92.300,1.460
path,source_normalized,0.04,20,150,1.0000,1.02604648,82.800,1.460
path,source_normalized,0.04,30,150,1.0000,0.89149279,64.200,1.280
path,source_normalized,0.04,40,150,1.0000,0.81127607,52.267,1.227
path,source_normalized,0.04,60,150,0.8733,0.61848569,32.400,1.000
path,symmetric_normalized,0.0005,1,150,1.0000,0.64819515,85.193,6.627
path,symmetric_normalized,0.0005,2,150,1.0000,0.78420437,112.040,2.400
path,symmetric_normalized,0.0005,3,150,1.0000,0.79060990,113.720,1.480
path,symmetric_normalized,0.0005,4,150,1.0000,0.78741970,111.253,1.480
path,symmetric_normalized,0.0005,5,150,1.0000,0.78417749,109.067,1.480
path,symmetric_normalized,0.0005,7,150,1.0000,0.77624822,104.460,1.480
path,symmetric_normalized,0.0005,10,150,1.0000,0.75958346,96.600,1.480
path,symmetric_normalized,0.0005,15,150,1.0000,0.72127956,84.600,1.480
path,symmetric_normalized,0.0005,20,150,1.0000,0.67779544,75.067,1.480
path,symmetric_normalized,0.0005,30,150,0.9867,0.54111369,57.200,1.187
path,symmetric_normalized,0.0005,40,150,0.9800,0.50917834,47.733,1.153
path,symmetric_normalized,0.0005,60,150,0.8467,0.41249036,31.200,1.000
path,symmetric_normalized,0.001,1,150,1.0000,0.68161548,90.000,7.540
path,symmetric_normalized,0.001,2,150,1.0000,0.75667983,101.293,3.847
path,symmetric_normalized,0.001,3,150,1.0000,0.79037867,113.420,1.547
path,symmetric_normalized,0.001,4,150,1.0000,0.78662643,110.640,1.547
path,symmetric_normalized,0.001,5,150,1.0000,0.78269782,108.167,1.547
path,symmetric_normalized,0.001,7,150,1.0000,0.77413506,103.433,1.547
path,symmetric_normalized,0.001,10,150,1.0000,0.75383965,94.667,1.547
path,symmetric_normalized,0.001,15,150,1.0000,0.70894117,81.600,1.547
path,symmetric_normalized,0.001,20,150,1.0000,0.65507583,70.667,1.547
path,symmetric_normalized,0.001,30,150,0.9800,0.50143725,51.400,1.193
path,symmetric_normalized,0.001,40,150,0.9733,0.46259915,42.133,1.147
path,symmetric_normalized,0.001,60,150,0.8533,0.37323397,27.200,1.000
path,symmetric_normalized,0.002,1,150,1.0000,0.66819727,89.047,8.873
path,symmetric_normalized,0.002,2,150,1.0000,0.75034340,99.907,4.180
path,symmetric_normalized,0.002,3,150,1.0000,0.77353122,108.920,2.160
path,symmetric_normalized,0.002,4,150,1.0000,0.78780735,111.253,1.540
path,symmetric_normalized,0.002,5,150,1.0000,0.78408262,108.733,1.540
path,symmetric_normalized,0.002,7,150,1.0000,0.77650571,104.413,1.540
path,symmetric_normalized,0.002,10,150,1.0000,0.75776833,96.200,1.540
path,symmetric_normalized,0.002,15,150,1.0000,0.71412145,83.100,1.540
path,symmetric_normalized,0.002,20,150,1.0000,0.66412187,72.667,1.540
path,symmetric_normalized,0.002,30,150,1.0000,0.53042597,54.200,1.240
path,symmetric_normalized,0.002,40,150,0.9467,0.46525565,42.667,1.147
path,symmetric_normalized,0.002,60,150,0.8533,0.37520767,27.600,1.000
path,symmetric_normalized,0.005,1,150,1.0000,0.65379609,84.513,11.667
path,symmetric_normalized,0.005,2,150,1.0000,0.73280107,96.840,5.533
path,symmetric_normalized,0.005,3,150,1.0000,0.72487802,93.120,3.833
path,symmetric_normalized,0.005,4,150,1.0000,0.77901205,109.840,1.793
path,symmetric_normalized,0.005,5,150,1.0000,0.78536175,109.033,1.553
path,symmetric_normalized,0.005,7,150,1.0000,0.77763654,104.273,1.553
path,symmetric_normalized,0.005,10,150,1.0000,0.76117411,96.467,1.553
path,symmetric_normalized,0.005,15,150,1.0000,0.72577415,83.800,1.553
path,symmetric_normalized,0.005,20,150,1.0000,0.66932517,71.600,1.553
path,symmetric_normalized,0.005,30,150,1.0000,0.52265268,53.000,1.233
path,symmetric_normalized,0.005,40,150,0.9800,0.46770740,41.867,1.153
path,symmetric_normalized,0.005,60,150,0.8533,0.37662979,26.800,1.000
path,symmetric_normalized,0.01,1,150,1.0000,0.65136077,82.440,14.833
path,symmetric_normalized,0.01,2,150,1.0000,0.67816974,86.667,7.180
path,symmetric_normalized,0.01,3,150,1.0000,0.72170797,94.780,4.607
path,symmetric_normalized,0.01,4,150,1.0000,0.72975644,95.760,3.660
path,symmetric_normalized,0.01,5,150,1.0000,0.76819986,106.100,1.980
path,symmetric_normalized,0.01,7,150,1.0000,0.77627365,105.207,1.507
path,symmetric_normalized,0.01,10,150,1.0000,0.75984603,98.533,1.507
path,symmetric_normalized,0.01,15,150,1.0000,0.72854273,88.000,1.507
path,symmetric_normalized,0.01,20,150,1.0000,0.66662833,75.467,1.507
path,symmetric_normalized,0.01,30,150,1.0000,0.56445253,58.200,1.253
path,symmetric_normalized,0.01,40,150,1.0000,0.50377305,46.400,1.173
path,symmetric_normalized,0.01,60,150,0.8667,0.40186627,29.600,1.000
path,symmetric_normalized,0.02,1,150,1.0000,0.66340957,85.000,18.800
path,symmetric_normalized,0.02,2,150,1.0000,0.65749677,82.533,9.467
path,symmetric_normalized,0.02,3,150,1.0000,0.69564830,90.080,5.947
path,symmetric_normalized,0.02,4,150,1.0000,0.72832174,94.107,4.193
path,symmetric_normalized,0.02,5,150,1.0000,0.69091500,87.267,3.747
path,symmetric_normalized,0.02,7,150,1.0000,0.78457168,108.287,1.540
path,symmetric_normalized,0.02,10,150,1.0000,0.76914426,100.333,1.540
path,symmetric_normalized,0.02,15,150,1.0000,0.73844584,88.800,1.540
path,symmetric_normalized,0.02,20,150,1.0000,0.69040388,77.467,1.540
path,symmetric_normalized,0.02,30,150,1.0000,0.57243718,57.800,1.313
path,symmetric_normalized,0.02,40,150,1.0000,0.50427579,45.867,1.227
path,symmetric_normalized,0.02,60,150,0.8467,0.37282108,27.600,1.000
path,symmetric_normalized,0.04,1,150,1.0000,0.63237981,78.613,25.653
path,symmetric_normalized,0.04,2,150,1.0000,0.66192163,82.800,12.793
path,symmetric_normalized,0.04,3,150,1.0000,0.67696702,85.040,8.373
path,symmetric_normalized,0.04,4,150,1.0000,0.70471396,89.867,6.080
path,symmetric_normalized,0.04,5,150,1.0000,0.72314082,91.567,4.713
path,symmetric_normalized,0.04,7,150,1.0000,0.71668976,91.647,3.273
path,symmetric_normalized,0.04,10,150,1.0000,0.77867338,104.733,1.460
path,symmetric_normalized,0.04,15,150,1.0000,0.75471937,94.300,1.460
path,symmetric_normalized,0.04,20,150,1.0000,0.72551520,85.333,1.460
path,symmetric_normalized,0.04,30,150,1.0000,0.63708027,66.800,1.320
path,symmetric_normalized,0.04,40,150,1.0000,0.55163559,52.267,1.227
path,symmetric_normalized,0.04,60,150,0.8467,0.41376070,32.400,1.000
