condition,seed,realized_distance,node_count,edge_count,total_undirected_weight,success,first_passage_step,peak_goal_activation,final_goal_rank
fixed_initial,0,6,10,9,9.1047126855,0,,0.0000000000,9
fixed_useful,0,2,10,9,9.1047126855,1,8,1.1381000784,2
fixed_irrelevant,0,8,10,9,9.1047126855,0,,0.0000000000,9
mixed,0,2,10,21,9.1047126855,1,12,0.3789168643,6
fixed_initial,1,6,10,9,8.9918974753,0,,0.0000000000,9
fixed_useful,1,2,10,9,8.9918974753,1,7,1.2933152423,2
fixed_irrelevant,1,8,10,9,8.9918974753,0,,0.0000000000,9
mixed,1,2,10,21,8.9918974753,1,12,0.4189679770,5
fixed_initial,2,6,10,9,9.2802260055,0,,0.0000000000,9
fixed_useful,2,2,10,9,9.2802260055,1,8,1.1444518035,2
fixed_irrelevant,2,8,10,9,9.2802260055,0,,0.0000000000,9
mixed,2,2,10,19,9.2802260055,1,9,0.5202927820,3
fixed_initial,3,6,10,9,8.6229237235,0,,0.0000000000,9
fixed_useful,3,2,10,9,8.6229237235,1,7,1.1840661798,2
fixed_irrelevant,3,8,10,9,8.6229237235,0,,0.0000000000,9
mixed,3,2,10,21,8.6229237235,1,16,0.3518517505,6
fixed_initial,4,6,10,9,8.7367682979,0,,0.0000000000,9
fixed_useful,4,2,10,9,8.7367682979,1,8,1.1261252430,2
fixed_irrelevant,4,8,10,9,8.7367682979,0,,0.0000000000,9
mixed,4,2,10,22,8.7367682979,1,11,0.4724800137,4
fixed_initial,5,6,10,9,9.6810162818,0,,0.0000000000,9
fixed_useful,5,2,10,9,9.6810162818,1,8,1.1522672895,2
fixed_irrelevant,5,8,10,9,9.6810162818,0,,0.0000000000,9
mixed,5,2,10,19,9.6810162818,1,12,0.3880702691,5
fixed_initial,6,6,10,9,9.0513463116,0,,0.0000000000,9
fixed_useful,6,2,10,9,9.0513463116,1,8,1.1650726410,2
fixed_irrelevant,6,8,10,9,9.0513463116,0,,0.0000000000,9
mixed,6,2,10,21,9.0513463116,1,13,0.3558651043,5
fixed_initial,7,6,10,9,8.2810215744,0,,0.0000000000,9
fixed_useful,7,2,10,9,8.2810215744,1,8,1.1333093406,2
fixed_irrelevant,7,8,10,9,8.2810215744,0,,0.0000000000,9
mixed,7,2,10,22,8.2810215744,1,17,0.3306462303,7
fixed_initial,8,6,10,9,8.8812678303,0,,0.0000000000,9
fixed_useful,8,2,10,9,8.8812678303,1,7,1.2516650144,2
fixed_irrelevant,8,8,10,9,8.8812678303,0,,0.0000000000,9
mixed,8,2,10,19,8.8812678303,1,13,0.4011113098,4
fixed_initial,9,6,10,9,8.7536083085,0,,0.0000000000,9
fixed_useful,9,2,10,9,8.7536083085,1,8,1.0951837366,2
fixed_irrelevant,9,8,10,9,8.7536083085,0,,0.0000000000,9
mixed,9,2,10,22,8.7536083085,1,10,0.4852939404,4
fixed_initial,10,6,10,9,9.1023051026,0,,0.0000000000,9
fixed_useful,10,2,10,9,9.1023051026,1,8,1.1301143055,2
fixed_irrelevant,10,8,10,9,9.1023051026,0,,0.0000000000,9
mixed,10,2,10,24,9.1023051026,1,13,0.3901811627,6
fixed_initial,11,6,10,9,9.1294761595,0,,0.0000000000,9
fixed_useful,11,2,10,9,9.1294761595,1,8,1.1803998487,2
fixed_irrelevant,11,8,10,9,9.1294761595,0,,0.0000000000,9
mixed,11,2,10,22,9.1294761595,1,11,0.4190858730,5
fixed_initial,12,6,10,9,8.8406631141,0,,0.0000000000,9
fixed_useful,12,2,10,9,8.8406631141,1,8,1.2059872814,2
fixed_irrelevant,12,8,10,9,8.8406631141,0,,0.0000000000,9
mixed,12,2,10,20,8.8406631141,1,10,0.5194582627,4
fixed_initial,13,6,10,9,8.8001255211,0,,0.0000000000,9
fixed_useful,13,2,10,9,8.8001255211,1,7,1.2112140624,2
fixed_irrelevant,13,8,10,9,8.8001255211,0,,0.0000000000,9
mixed,13,2,10,22,8.8001255211,1,13,0.4154763566,5
fixed_initial,14,6,10,9,9.0496786271,0,,0.0000000000,9
fixed_useful,14,2,10,9,9.0496786271,1,7,1.2357349461,2
fixed_irrelevant,14,8,10,9,9.0496786271,0,,0.0000000000,9
mixed,14,2,10,21,9.0496786271,1,12,0.4504399455,5
fixed_initial,15,6,10,9,9.3169222403,0,,0.0000000000,9
fixed_useful,15,2,10,9,9.3169222403,1,8,0.9872573330,2
fixed_irrelevant,15,8,10,9,9.3169222403,0,,0.0000000000,9
mixed,15,2,10,18,9.3169222403,1,12,0.3782616955,3
fixed_initial,16,6,10,9,8.6707666227,0,,0.0000000000,9
fixed_useful,16,2,10,9,8.6707666227,1,8,1.1607008189,2
fixed_irrelevant,16,8,10,9,8.6707666227,0,,0.0000000000,9
mixed,16,2,10,21,8.6707666227,1,13,0.3479091895,5
fixed_initial,17,6,10,9,9.1390416114,0,,0.0000000000,9
fixed_useful,17,2,10,9,9.1390416114,1,7,1.2198414256,2
fixed_irrelevant,17,8,10,9,9.1390416114,0,,0.0000000000,9
mixed,17,2,10,18,9.1390416114,1,11,0.4615267285,4
fixed_initial,18,6,10,9,8.6245514779,0,,0.0000000000,9
fixed_useful,18,2,10,9,8.6245514779,1,7,1.2373687402,2
fixed_irrelevant,18,8,10,9,8.6245514779,0,,0.0000000000,9
mixed,18,2,10,23,8.6245514779,1,10,0.5050430471,4
fixed_initial,19,6,10,9,9.0332199825,0,,0.0000000000,9
fixed_useful,19,2,10,9,9.0332199825,1,8,1.1625360543,2
fixed_irrelevant,19,8,10,9,9.0332199825,0,,0.0000000000,9
mixed,19,2,10,20,9.0332199825,1,10,0.4957257446,4
fixed_initial,20,6,10,9,9.8034357530,0,,0.0000000000,9
fixed_useful,20,2,10,9,9.8034357530,1,8,1.1035488855,2
fixed_irrelevant,20,8,10,9,9.8034357530,0,,0.0000000000,9
mixed,20,2,10,21,9.8034357530,1,11,0.4219462443,4
fixed_initial,21,6,10,9,9.1211436871,0,,0.0000704493,6
fixed_useful,21,2,10,9,9.1211436871,1,7,1.2453640661,2
fixed_irrelevant,21,8,10,9,9.1211436871,0,,0.0000000000,9
mixed,21,2,10,23,9.1211436871,1,15,0.3734855257,6
fixed_initial,22,6,10,9,8.9249149990,0,,0.0000000000,9
fixed_useful,22,2,10,9,8.9249149990,1,8,0.9540222166,2
fixed_irrelevant,22,8,10,9,8.9249149990,0,,0.0000000000,9
mixed,22,2,10,21,8.9249149990,1,15,0.3015718926,6
fixed_initial,23,6,10,9,9.0870471178,0,,0.0000000000,9
fixed_useful,23,2,10,9,9.0870471178,1,8,1.1875966532,2
fixed_irrelevant,23,8,10,9,9.0870471178,0,,0.0000000000,9
mixed,23,2,10,21,9.0870471178,1,11,0.4398240817,4
fixed_initial,24,6,10,9,9.0395293197,0,,0.0000000000,9
fixed_useful,24,2,10,9,9.0395293197,1,8,1.1357147371,2
fixed_irrelevant,24,8,10,9,9.0395293197,0,,0.0000000000,9
mixed,24,2,10,20,9.0395293197,1,13,0.3622177799,6
fixed_initial,25,6,10,9,9.2481844127,0,,0.0000000000,9
fixed_useful,25,2,10,9,9.2481844127,1,7,1.2632808912,2
fixed_irrelevant,25,8,10,9,9.2481844127,0,,0.0000000000,9
mixed,25,2,10,23,9.2481844127,1,11,0.4444036480,4
fixed_initial,26,6,10,9,8.8314351751,0,,0.0000000000,9
fixed_useful,26,2,10,9,8.8314351751,1,8,1.0241466634,2
fixed_irrelevant,26,8,10,9,8.8314351751,0,,0.0000000000,9
mixed,26,2,10,22,8.8314351751,1,13,0.3884146011,5
fixed_initial,27,6,10,9,9.1653002930,0,,0.0000000000,9
fixed_useful,27,2,10,9,9.1653002930,1,8,1.1930281927,2
fixed_irrelevant,27,8,10,9,9.1653002930,0,,0.0000000000,9
mixed,27,2,10,20,9.1653002930,1,13,0.3816593003,6
fixed_initial,28,6,10,9,8.2553141002,0,,0.0000000000,9
fixed_useful,28,2,10,9,8.2553141002,1,8,1.1655820976,2
fixed_irrelevant,28,8,10,9,8.2553141002,0,,0.0000000000,9
mixed,28,2,10,23,8.2553141002,1,16,0.3510325198,8
fixed_initial,29,6,10,9,8.9498576480,0,,0.0000000000,9
fixed_useful,29,2,10,9,8.9498576480,1,8,1.1295769019,2
fixed_irrelevant,29,8,10,9,8.9498576480,0,,0.0000000000,9
mixed,29,2,10,22,8.9498576480,1,16,0.3543752138,6
fixed_initial,30,6,10,9,8.8027295872,0,,0.0000000000,9
fixed_useful,30,2,10,9,8.8027295872,1,8,1.0665238396,2
fixed_irrelevant,30,8,10,9,8.8027295872,0,,0.0000000000,9
mixed,30,2,10,22,8.8027295872,1,11,0.4150991012,5
fixed_initial,31,6,10,9,8.2357237212,0,,0.0000000000,9
fixed_useful,31,2,10,9,8.2357237212,1,8,1.1438214493,2
fixed_irrelevant,31,8,10,9,8.2357237212,0,,0.0000000000,9
mixed,31,2,10,19,8.2357237212,1,16,0.3522955588,6
fixed_initial,32,6,10,9,8.8652436041,0,,0.0016040464,6
fixed_useful,32,2,10,9,8.8652436041,1,8,1.1335398187,2
fixed_irrelevant,32,8,10,9,8.8652436041,0,,0.0000000000,9
mixed,32,2,10,23,8.8652436041,1,13,0.3880153138,7
fixed_initial,33,6,10,9,9.4346380995,0,,0.0000000000,9
fixed_useful,33,2,10,9,9.4346380995,1,8,1.1767183676,2
fixed_irrelevant,33,8,10,9,9.4346380995,0,,0.0000000000,9
mixed,33,2,10,23,9.4346380995,1,13,0.3849172216,6
fixed_initial,34,6,10,9,9.5130536596,0,,0.0000000000,9
fixed_useful,34,2,10,9,9.5130536596,1,8,1.1434867880,2
fixed_irrelevant,34,8,10,9,9.5130536596,0,,0.0000000000,9
mixed,34,2,10,22,9.5130536596,1,13,0.3874025915,4
fixed_initial,35,6,10,9,9.6928376439,0,,0.0000000000,9
fixed_useful,35,2,10,9,9.6928376439,1,8,1.1720549889,2
fixed_irrelevant,35,8,10,9,9.6928376439,0,,0.0000000000,9
mixed,35,2,10,24,9.6928376439,1,11,0.4286738317,5
fixed_initial,36,6,10,9,9.4917972568,0,,0.0005658881,6
fixed_useful,36,2,10,9,9.4917972568,1,7,1.2477053607,2
fixed_irrelevant,36,8,10,9,9.4917972568,0,,0.0000000000,9
mixed,36,2,10,23,9.4917972568,1,13,0.4032719971,5
fixed_initial,37,6,10,9,9.2444791431,0,,0.0000000000,9
fixed_useful,37,2,10,9,9.2444791431,1,8,1.0130117519,2
fixed_irrelevant,37,8,10,9,9.2444791431,0,,0.0000000000,9
mixed,37,2,10,23,9.2444791431,1,18,0.3197909878,9
fixed_initial,38,6,10,9,8.8218057476,0,,0.0000000000,9
fixed_useful,38,2,10,9,8.8218057476,1,8,1.1351578153,2
fixed_irrelevant,38,8,10,9,8.8218057476,0,,0.0000000000,9
mixed,38,2,10,24,8.8218057476,1,11,0.4325973304,4
fixed_initial,39,6,10,9,8.4733912926,0,,0.0001807073,6
fixed_useful,39,2,10,9,8.4733912926,1,8,1.1617516541,2
fixed_irrelevant,39,8,10,9,8.4733912926,0,,0.0000000000,9
mixed,39,2,10,21,8.4733912926,1,11,0.4513364328,5
fixed_initial,40,6,10,9,9.0533472259,0,,0.0000000000,9
fixed_useful,40,2,10,9,9.0533472259,1,7,1.2037743965,2
fixed_irrelevant,40,8,10,9,9.0533472259,0,,0.0000000000,9
mixed,40,2,10,19,9.0533472259,1,13,0.3863469985,3
fixed_initial,41,6,10,9,9.0511637857,0,,0.0000214615,6
fixed_useful,41,2,10,9,9.0511637857,1,8,1.0734656505,2
fixed_irrelevant,41,8,10,9,9.0511637857,0,,0.0000000000,9
mixed,41,2,10,20,9.0511637857,1,12,0.4028081512,7
fixed_initial,42,6,10,9,8.7907554127,0,,0.0000000000,9
fixed_useful,42,2,10,9,8.7907554127,1,8,1.0171904276,2
fixed_irrelevant,42,8,10,9,8.7907554127,0,,0.0000000000,9
mixed,42,2,10,22,8.7907554127,1,11,0.4222445958,5
fixed_initial,43,6,10,9,8.7105832961,0,,0.0010681425,6
fixed_useful,43,2,10,9,8.7105832961,1,7,1.2474967305,2
fixed_irrelevant,43,8,10,9,8.7105832961,0,,0.0000000000,9
mixed,43,2,10,19,8.7105832961,1,17,0.2744548545,7
fixed_initial,44,6,10,9,8.2102453669,0,,0.0000000000,9
fixed_useful,44,2,10,9,8.2102453669,1,8,1.2024605608,2
fixed_irrelevant,44,8,10,9,8.2102453669,0,,0.0000000000,9
mixed,44,2,10,21,8.2102453669,1,10,0.4709685188,4
fixed_initial,45,6,10,9,7.9905925251,0,,0.0000000000,9
fixed_useful,45,2,10,9,7.9905925251,1,7,1.1736868023,2
fixed_irrelevant,45,8,10,9,7.9905925251,0,,0.0000000000,9
mixed,45,2,10,22,7.9905925251,1,13,0.3877249020,5
fixed_initial,46,6,10,9,9.2176148854,0,,0.0000000000,9
fixed_useful,46,2,10,9,9.2176148854,1,8,1.0476484213,2
fixed_irrelevant,46,8,10,9,9.2176148854,0,,0.0000000000,9
mixed,46,2,10,20,9.2176148854,1,10,0.4615385726,3
fixed_initial,47,6,10,9,8.3868536259,0,,0.0000000000,9
fixed_useful,47,2,10,9,8.3868536259,1,8,1.1591040770,2
fixed_irrelevant,47,8,10,9,8.3868536259,0,,0.0000000000,9
mixed,47,2,10,23,8.3868536259,1,13,0.3886642615,5
fixed_initial,48,6,10,9,9.0874414051,0,,0.0000000000,9
fixed_useful,48,2,10,9,9.0874414051,1,8,1.0743186488,2
fixed_irrelevant,48,8,10,9,9.0874414051,0,,0.0000000000,9
mixed,48,2,10,18,9.0874414051,1,14,0.3453423126,6
fixed_initial,49,6,10,9,8.3355174843,0,,0.0000000000,9
fixed_useful,49,2,10,9,8.3355174843,1,7,1.1757351075,2
fixed_irrelevant,49,8,10,9,8.3355174843,0,,0.0000000000,9
mixed,49,2,10,22,8.3355174843,1,12,0.4324851072,4
